Y2EvUkVBRE1FLm1k,rZLdk5vVhmLgy3P-MNLwgw
Y2EvanMueW1s,kh0j6SLfowRvlNJsAIctVw
Y2ViL1JFQURNRS5tZA,d9IM_6g92-1qxoPSdWznsg
Y2ViL2pzLnltbA,hM4h8Vj8bPYP_dHnXpputg
Y3MvUkVBRE1FLm1k,fVzIrJyC1g444BdAeBokJg
Y3MvanMueW1s,bampitqfzVt8gtFBclHk3Q
Y3kvUkVBRE1FLm1k,Lnu7MzFBWn1dWhVSjiOuiw
Y3kvanMueW1s,xXfUO_UnLDuV2ExJ4HPP2g
YWYvUkVBRE1FLm1k,cgXk7l79WEkX-sEh0c1HLA
YWYvanMueW1s,Myx0oTjW1_1_fqmpI0Gvmg
YXIvUkVBRE1FLm1k,9CcVX3tg-OqbkFHxOUvOpQ
YXIvanMueW1s,obPWGTgbW1UeLKRaz9h7xQ
YXMvUkVBRE1FLm1k,r3JIh0-ptQC1yoyHy3KyXA
YXMvanMueW1s,i7UrbHEg040jWGtXnbMTxA
YXovUkVBRE1FLm1k,Z4L0zQyU3Q_3tu1Qd0rPbQ
YXovanMueW1s,m03kIWY1_IXpvvX1e9hivQ
Ym4vUkVBRE1FLm1k,iEUPTJPC5wqZ8P12dOezqw
Ym4vanMueW1s,WySlYzcXuybAMSfe8lbnvg
YmUvUkVBRE1FLm1k,27pCjHms2UO0zi_tNOFs-Q
YmUvanMueW1s,37bED48jTmLTXUsrasy_pw
YmcvUkVBRE1FLm1k,nTFeA9lmRIWs04eDHU0Amw
YmcvanMueW1s,Nhlfor8Z51wvhKIjfIj27A
YnMvUkVBRE1FLm1k,-_NJ0vGff2QHlwD-NcSr2g
YnMvanMueW1s,O6Y7an0lyEo-tIgXg91TtQ
Z2wvUkVBRE1FLm1k,GAt4bO-ECpQmsVTzaffajg
Z2wvanMueW1s,_7JRY-_EcBnU8tP39gF9WQ
Z3UvUkVBRE1FLm1k,EO8TE_9ZG6gNgMdR_1G09Q
Z3UvanMueW1s,mgWLJCfnTgKgA_0ER15L7Q
ZGEvUkVBRE1FLm1k,qRaBO79n-5f_wiKVqRkiLQ
ZGEvanMueW1s,mD_IbWKC7zWGXz6171MgvA
ZGUvUkVBRE1FLm1k,MTpqrRlXbXACW152e3Rbzw
ZGUvanMueW1s,ROhGQNpYAA09KgLXybL9vg
ZW4vUkVBRE1FLm1k,nSn554AQJFmafAR4_yI9kA
ZW4vanMueW1s,k6FoYwZY7mfUfAzZEPyhOw
ZWwvUkVBRE1FLm1k,v0xuoj1yq7-MKLKrFUNnPA
ZWwvanMueW1s,dWt8E8kIu6lgrgFF8N0jnw
ZXMvUkVBRE1FLm1k,16-nGqM_YxRygh2vdXq45Q
ZXMvanMueW1s,TgwEmQLcg3aYPRhecJZEEg
ZXQvUkVBRE1FLm1k,-fNRB8sZQaMhMEUOm4GNYg
ZXQvanMueW1s,-miah6QxCBlDNmL798Gw-w
ZXUvUkVBRE1FLm1k,XcyA80BxZ37nytG-ADOlVA
ZXUvanMueW1s,HZp0_9yZQ8eg6EDP_ODY0g
ZmEvUkVBRE1FLm1k,ev_BU3tlWHJsLO7YwB0Z1A
ZmEvanMueW1s,RdHfFmxuJ1_5gg4ofdRW_w
ZmkvUkVBRE1FLm1k,GU5P6d4BqZYVyojx676ukw
ZmkvanMueW1s,1NUSZ_91JvlUWIwwL2atlA
ZmlsL1JFQURNRS5tZA,YsLXvxzhYR5aDfYTcYEjFA
ZmlsL2pzLnltbA,gdgFICCa0vQl3_PrsfW_3A
ZnIvUkVBRE1FLm1k,xW8iMFXB0N_wDkiuRGbf-w
ZnIvanMueW1s,3iKc0a3F_SSlt4IEg-QxBQ
a20vUkVBRE1FLm1k,ULFn_O0XheNa5volhA9IiQ
a20vanMueW1s,aa34H3qc5gM7KxCg60kdVA
a24vUkVBRE1FLm1k,xU96p5WzgcmvbXM_vZSsIQ
a24vanMueW1s,XnlNlWgHnCArRH2GQiOMXg
a28vUkVBRE1FLm1k,nLagQDWwUdq36dWv02ZlBw
a28vanMueW1s,ExS9avlCERaXPv-IQ8vaew
a2EvUkVBRE1FLm1k,Gj2S8N2DNFHqB4vaj-7xjA
a2EvanMueW1s,rt-9TqakMpoTmZY_kn9UCg
a2svUkVBRE1FLm1k,N3us3vI1P1MFbyNAyoHp8w
a2svanMueW1s,CT_h4Zy7PinFAvUZRs73Aw
aGkvUkVBRE1FLm1k,MmU-psVmgdjquBMhk67gMw
aGkvanMueW1s,zcJhQ3DmJL_ztX88ea2FQw
aHIvUkVBRE1FLm1k,nf1IUdYleKTG5f9id4H0Pg
aHIvanMueW1s,J_BEgVf7NmjszQ3sF77eew
aHUvUkVBRE1FLm1k,Fj0m1bQZidoQ72dgtJ2Rcg
aHUvanMueW1s,IxfceWeCpt4WoFh_Jb9xzw
aHkvUkVBRE1FLm1k,F4D4eLdXto40Jrv_GGzO1A
aHkvanMueW1s,PDIGgJ4Fy5ij35VsUEdH4Q
aWQvUkVBRE1FLm1k,-t5cypQvJkJfMt_2b5hvsw
aWQvanMueW1s,FGEN8RSLjgoSiRiCUhI1_A
aXMvUkVBRE1FLm1k,E9yf2e4anVRlgmqqUIAQ_A
aXMvanMueW1s,eWN0GlsX6J8FnqbAbltnpQ
aXQvUkVBRE1FLm1k,bJ2MHjDLS3sCKogorCOp-g
aXQvanMueW1s,Ft4EKHVlGSCWErlDbVkERA
aXcvUkVBRE1FLm1k,gsvKJOyM3BDYmPMLvm6F_w
aXcvanMueW1s,w_zYYeyogMMQJC1Jr5k12Q
amEvUkVBRE1FLm1k,BRPPU81CGyqJuSmOHVo_EA
amEvanMueW1s,xBe8ZT5qMhnDbcTny8020g
anYvUkVBRE1FLm1k,QhedjNmIjn_GX-aQqTB5iQ
anYvanMueW1s,O9-UpC6HrTEOIr3owMZW3A
b3IvUkVBRE1FLm1k,vklF9ZxhLvs7ne2h6Oy9hA
b3IvanMueW1s,v82Y00Eh87FFj4w8EkBosw
bG8vUkVBRE1FLm1k,iofoKGA6L1IbhbzrHWGqoA
bG8vanMueW1s,csAtnUHWa19YRRylUlNT7g
bGIvUkVBRE1FLm1k,2pv-XlsuCsSxfRYhpFyLxQ
bGIvanMueW1s,t5aM_jP7aDYRjN1ftOa5iA
bHQvUkVBRE1FLm1k,1R-UjLqYD3ALaoA0n5PG7w
bHQvanMueW1s,jIlcTrCfT5G2rLivELPw8w
bHYvUkVBRE1FLm1k,puszNX4I18ygPdWpz7dwNw
bHYvanMueW1s,ElNqFdNwVxivNMX2KpQ3dA
bWsvUkVBRE1FLm1k,WySOKvx4BGLdJpl2ab8WOg
bWsvanMueW1s,wFXnoL0LVZZYKgAh36z7Aw
bXIvUkVBRE1FLm1k,kCNE85JANr5XT_eC4d4vZA
bXIvanMueW1s,ifw4QBh-kp8oLzEHkuto_w
bXMvUkVBRE1FLm1k,s900uhf6A8X50n9hs6uQaw
bXMvanMueW1s,ZUwd6hKLghncJNsbgCgYig
bXQvUkVBRE1FLm1k,gsyeLc005LF_iYGhjWOKrQ
bXQvanMueW1s,wWyp4az39ANhQuOg27pHBg
bXkvUkVBRE1FLm1k,hdkajk_ezjLfiOKma7Rf4w
bXkvanMueW1s,JtBupYNXPTQSji2qSzepvA
bm8vUkVBRE1FLm1k,PiP8cRtbQqr9nkBQcgwtqw
bm8vanMueW1s,mMD-zY1jObvwAaikdKUjXg
bmUvUkVBRE1FLm1k,06f4WG8ZzQkSBrP1YQxcHQ
bmUvanMueW1s,LylJU8feGNatGcArt7aM0g
bmwvUkVBRE1FLm1k,WmBSCHppX9SjdJoPIT9YHQ
bmwvanMueW1s,1Yd4Mb_LAFtQHiudnb_fRw
c2QvUkVBRE1FLm1k,UFhlab2MV4U8xbrAqicuyQ
c2QvanMueW1s,msiKm2oG3oHpQBzcrBHCEw
c2kvUkVBRE1FLm1k,WEDyrgVsQJDNDIkpMD-ZNg
c2kvanMueW1s,6TgEiMe2GTBa_0kNJQIFrA
c2svUkVBRE1FLm1k,bFdQaj-jv86jvpEFWnHORg
c2svanMueW1s,qDUg-YPirJh8jwsgCZ_afw
c2wvUkVBRE1FLm1k,COnwbGPR4SysHgf-LWLbEA
c2wvanMueW1s,jlJqZc-dsY9Mt4tQDYe4vQ
c3EvUkVBRE1FLm1k,-HorFeGZBlZV6TFn-D7grw
c3EvanMueW1s,cdVHdx_AvkGSHduajuCM5A
c3IvUkVBRE1FLm1k,1_22oWwlO7qSmM4Ek-bhOA
c3IvanMueW1s,9T4HLDtSzVJJEVDY9phBsA
c3YvUkVBRE1FLm1k,VH0GTEX07CFhVa1H47aGPQ
c3YvanMueW1s,am_wxt7OhoUpNKvPR8mPGw
c3cvUkVBRE1FLm1k,DtZNwP3uf7ygIzwx2B3uuQ
c3cvanMueW1s,1BbzFQDXrueOXVr9tffC5w
cGwvUkVBRE1FLm1k,8IZxYx4QDjPqlY6R1NIpbA
cGwvanMueW1s,GksT0uh5Ue8OL2jNQ3eDVQ
cHQvUkVBRE1FLm1k,IhVcakl3Msd7fN8cWIaC0w
cHQvanMueW1s,M07YFk7kOcflz7pjFUiksQ
cm8vUkVBRE1FLm1k,lAapLTyU8LYhs_bBAZ7d_w
cm8vanMueW1s,SQvaUpoVtb8WqhUhDzbEyA
cnUvUkVBRE1FLm1k,8s8owbkkTnK1VmudV5YhAA
cnUvanMueW1s,muETcp3KMZHTY6_w7jSpIA
dGEvUkVBRE1FLm1k,TyDg4_NC8ySSJhbVMHpRlQ
dGEvanMueW1s,Ix_3ATBGdSdgwmSU0pFWqQ
dGUvUkVBRE1FLm1k,ZjquOQNFtB-0JK2HD0AECQ
dGUvanMueW1s,CVmNFGsyUIVQozfD7ZxBzQ
dGgvUkVBRE1FLm1k,zhTtpeXyuiFi2RELqC262g
dGgvanMueW1s,URh1ljhgnlKN6ffND8Ff2g
dHIvUkVBRE1FLm1k,vPFXfp3BWuRtvodL-WEbyw
dHIvanMueW1s,i7YRK9iAGvWpWZzTHEtwyw
dWsvUkVBRE1FLm1k,IGQFUVjL8wsb7gGTJfiEbg
dWsvanMueW1s,0kDWFZ2cHPlg3WZ3GVLyGQ
dXIvUkVBRE1FLm1k,vIoL7qn_HVXnqe_VNqsuog
dXIvanMueW1s,9Decs9hltjPgJmm1Bo3HwQ
dXovUkVBRE1FLm1k,WamQOi4D4Ycd5Ng4F7Vlqw
dXovanMueW1s,C0lHE5YtPFgpW3KMkl39lw
dmkvUkVBRE1FLm1k,VeUERG4SIh3K7QE8ykleYQ
dmkvanMueW1s,N6HYXu8seynaRU-VBqrI6g
emgtVFcvUkVBRE1FLm1k,a_bMKYkprw2Q-AuRW_HAuQ
emgtVFcvanMueW1s,ZgjjiyA0HK9WVDjBL6EUVw
emgvUkVBRE1FLm1k,05VSNCl7qqZwDxTvh9oG-w
emgvanMueW1s,sbh_PDP8bYzbRaiX0XLI4g