Y2EvUkVBRE1FLm1k,463vtk8BGe4tv9dr8idplw
Y2EvanMueW1s,sTIGMgl4Anw7dvEIFqBzLg
Y2ViL1JFQURNRS5tZA,7FabBrAN0lxXMXsDDdWNsg
Y2ViL2pzLnltbA,rG0y04yCpsRw3l-_D1v44Q
Y3MvUkVBRE1FLm1k,XGn218TXMOYljqSCT_dMaw
Y3MvanMueW1s,A65HxXYNRzEjKv4L8BiCDA
Y3kvUkVBRE1FLm1k,pWaW-0wg5uizszcxbL5wtQ
Y3kvanMueW1s,H50ca9iNzrLYBfhKXC6Rsg
YWYvUkVBRE1FLm1k,CV7pwgV2nH8Mou4i5_d1pA
YWYvanMueW1s,jZRFysNHySQmXlwgUVQ6Sg
YXIvUkVBRE1FLm1k,yG495aUDpNWJaHV2K8NezQ
YXIvanMueW1s,y_IaY8vdddL7LOaCqVd9KA
YXMvUkVBRE1FLm1k,RQNJ8XZr6Zpb3PUtJN9gLg
YXMvanMueW1s,3tcOkHloZs1fhpbPCFqXjA
YXovUkVBRE1FLm1k,STnxt7cxm8W6OWkToj7hpA
YXovanMueW1s,iYLj4n5_jLtMN2RXD6mU1A
Ym4vUkVBRE1FLm1k,duxk0PJx8wqz_PsJsqKSYw
Ym4vanMueW1s,RzL0fTGAVOHyrESEKkEl2g
YmUvUkVBRE1FLm1k,rgm-PwDAMLfba30wQBiOCQ
YmUvanMueW1s,jl00PpjwoJqVoZkAR4tJNg
YmcvUkVBRE1FLm1k,wfBV_yeKXGFahKb69Ob5SQ
YmcvanMueW1s,T58-S6A9Irl1vd3vsiRpeA
YnMvUkVBRE1FLm1k,aUAEGbwQILg4BUV3VL55LA
YnMvanMueW1s,SOM02dfzM8tvQx54Ps7fKA
Z2wvUkVBRE1FLm1k,cQvTNz9ZDg3EsVm2U0Lysw
Z2wvanMueW1s,AesAIntTRcIWxnep6iWW6w
Z3UvUkVBRE1FLm1k,G-1OCAvRKuWzuDBH8iIsew
Z3UvanMueW1s,NXonGy5QR1c3zTZjH6jZjw
ZGEvUkVBRE1FLm1k,pOtEhkXhGMnsJ7ZLau_TFw
ZGEvanMueW1s,Pc4kvo9xPgYLRtwPx5_qmQ
ZGUvUkVBRE1FLm1k,XJvIeEkzh30jXcrn0CLp_A
ZGUvanMueW1s,aSiL6a7D79YTx6NaviwhBA
ZW4vUkVBRE1FLm1k,kQDlE50zog2IjVsrTLNk3w
ZW4vanMueW1s,PRbbU78EELWQgiunnpWRCg
ZWwvUkVBRE1FLm1k,rM76Emc9lhLeItepS8VteQ
ZWwvanMueW1s,Mn4mroaeu_ZHy8lxFbmsgQ
ZXMvUkVBRE1FLm1k,EeET6-dT8QyyFHIG-AeLag
ZXMvanMueW1s,WV5OrW-t5t6rwHmvp3e2vQ
ZXQvUkVBRE1FLm1k,qi42bIifLK1_Y53HchMvYQ
ZXQvanMueW1s,pp-SE44VqtAmOdploYHV7g
ZXUvUkVBRE1FLm1k,niWzemzXtNEc7LiySf-xbQ
ZXUvanMueW1s,xvzlE_evZOTBIV8KnSPIHg
ZmEvUkVBRE1FLm1k,-EdQpQqalLgGtk8GqRrmNg
ZmEvanMueW1s,XU75fmECoY-zTeqCjE2How
ZmkvUkVBRE1FLm1k,aJ03-wLfKyRFAc_m4ibXMw
ZmkvanMueW1s,wYVkNr02WtyJwt_1duKclw
ZmlsL1JFQURNRS5tZA,sgJzUvgyLCwAjDpNGQ0LCA
ZmlsL2pzLnltbA,2OCfdBsIrJrIr1dAX9sDQA
ZnIvUkVBRE1FLm1k,VEVtCPo_CRz1HT3Zq64D5g
ZnIvanMueW1s,6cMei5MhYpox9FUU6ZqCqQ
a20vUkVBRE1FLm1k,FmUN9rGisXJXWe5KcoB3QQ
a20vanMueW1s,MxzcHzAWfKhijsGjOrTBPw
a24vUkVBRE1FLm1k,zCAt70LVtGBbZGjTxGa2Lg
a24vanMueW1s,jO1gDT6O5C6oFLmmbpLVTQ
a28vUkVBRE1FLm1k,OHkLZ_1w9Q_ocDPmShLQcg
a28vanMueW1s,PgTsOF-1ql3ELRD6vd-a2g
a2EvUkVBRE1FLm1k,rcigXyTHmdvDwLHSgiJI_A
a2EvanMueW1s,g4zCLlS5Gvgg0QOFvBYHDA
a2svUkVBRE1FLm1k,7sPrtWfAPRNpH1dVMI1q4w
a2svanMueW1s,20-UktPXzGw2v3skiqagcw
aGkvUkVBRE1FLm1k,iUZRAHU61t07rRhQWRjSLg
aGkvanMueW1s,0o8qba22PyyyGqkzRP0YCg
aHIvUkVBRE1FLm1k,Veoxv1fRfI2RFDTleGrUyw
aHIvanMueW1s,KXKy5enzf_DMpISDtIL91g
aHUvUkVBRE1FLm1k,12eD17HZvii3rfaQTIab1A
aHUvanMueW1s,Khix_CPT8r3ZCl7Wwl14JA
aHkvUkVBRE1FLm1k,_ZcqSKhW87p1KMmQu7u9HA
aHkvanMueW1s,8dXKDOZSba5FMqyYlAOwOg
aWQvUkVBRE1FLm1k,WAH4AeG5STnWwP01hAnfuQ
aWQvanMueW1s,-zZ76PYtoKMKfClz4a4Gpw
aXMvUkVBRE1FLm1k,8XDEHOzFx6z5Lske5dBCDw
aXMvanMueW1s,EBe7s55L04BaifsM9MN-kg
aXQvUkVBRE1FLm1k,tx1hInG4MVhwbU6zma0k3Q
aXQvanMueW1s,ZKp63MNRd_xdATHWb0H-5A
aXcvUkVBRE1FLm1k,YEA51UO2g3MFx1sleGVB-w
aXcvanMueW1s,T4ym7haCeXo25e4kdYYGzg
amEvUkVBRE1FLm1k,Say5U8YOsvbvgq9MadiUkw
amEvanMueW1s,y2TD-wQDoTQmmRuFZlzRqg
anYvUkVBRE1FLm1k,pCQ7g5Podhj-C7Vf0NpTlw
anYvanMueW1s,FEI4wwnI_Ya9pWsuv73eUw
b3IvUkVBRE1FLm1k,md-9AmzJ3PaehbLPkaHwZQ
b3IvanMueW1s,DpZj0VhmwFBDaOEO-iefnQ
bG8vUkVBRE1FLm1k,pWQJrxzwozrQ7M1KC4t-vA
bG8vanMueW1s,1EFVHlhkQdXc0iZs1lFaFw
bGIvUkVBRE1FLm1k,ND2oDsBihcu_DkN1tpQWFA
bGIvanMueW1s,AliVq5szeL4Xhh2QB4Gj8A
bHQvUkVBRE1FLm1k,_-nUHNpq7bnSxyimaN-dpw
bHQvanMueW1s,mUFsvoOTeE3DMZ_lxk08-w
bHYvUkVBRE1FLm1k,oDjA8yaeOSUmqpubIHYjyQ
bHYvanMueW1s,_WW6ZakSxaMoU02koW_KuA
bWsvUkVBRE1FLm1k,zvm5qhkp1I8WGTzIhokjcA
bWsvanMueW1s,6c0k31LSfacPTyfw0RP4XQ
bXIvUkVBRE1FLm1k,qdZxRHO3O_4X4CRwglZ_Sw
bXIvanMueW1s,k0B9MLPcgc0xvReATP9OBw
bXMvUkVBRE1FLm1k,sQWv2ZUzaHi1496f-SEOHQ
bXMvanMueW1s,xfTmbo2lWbPwVHFWALiJ8A
bXQvUkVBRE1FLm1k,4Hi5nRQOO03p21qEUohEYw
bXQvanMueW1s,zMCLbuZ7UZfMQk2oOjMkUQ
bXkvUkVBRE1FLm1k,ODdQNwrsbZtjxRCGocIfrA
bXkvanMueW1s,4t0U48ozwmI5UpL9oD_BJA
bm8vUkVBRE1FLm1k,9BTL2XfYahr101YNsjAw7Q
bm8vanMueW1s,eioCD2W4bhn9cpVMaQ4zRw
bmUvUkVBRE1FLm1k,57ehbCtab6HUSude6XmdtQ
bmUvanMueW1s,AXMwPuc3dSnmGX1T-uoxBw
bmwvUkVBRE1FLm1k,eN2nDRO2TGVP_4xmN55WOA
bmwvanMueW1s,hulzNur7U0wzTa9xSv9lng
c2QvUkVBRE1FLm1k,5j9NNSLrxOfUQLZp0j6dkw
c2QvanMueW1s,Eq94hr6fkl2tnNGtITGdvA
c2kvUkVBRE1FLm1k,vHS-KCWA4Y-A3BNOMTDQiQ
c2kvanMueW1s,bfsqo_zTt8IKusq3_lgW4A
c2svUkVBRE1FLm1k,U2o-2dmCR67ZJoiGPhkSog
c2svanMueW1s,tyFI-xZnj_DWi7zM2Q4mJg
c2wvUkVBRE1FLm1k,oy_zqMIjWlLIyk0gSsSbYA
c2wvanMueW1s,d4B3I_ENXRSZn1SfmTshSg
c3EvUkVBRE1FLm1k,_4SOP8RMN3yWPv2dykkU2A
c3EvanMueW1s,9gY6nwZSUq0NUQ9XcDfBzw
c3IvUkVBRE1FLm1k,ALQ0lYfpxwwIdj623BnLxg
c3IvanMueW1s,_X4eKtSzFBL5dDcp6pTNUQ
c3YvUkVBRE1FLm1k,ilVFz_UZxwt_osrx4Inv3A
c3YvanMueW1s,7nyCYWhMJhtvA1A1y1M63Q
c3cvUkVBRE1FLm1k,T68zdy1cISRiJgDYARS8aQ
c3cvanMueW1s,hKd7PNiFOtB_5bum0Ca5ZQ
cGwvUkVBRE1FLm1k,o95XN6t-L4bi4JRYjChr9w
cGwvanMueW1s,79SVK7fRApCM5xdTCkFy_Q
cHQvUkVBRE1FLm1k,8UDvjzoRS0Fpf9YlW362WQ
cHQvanMueW1s,ViuVMUASuIqPX6qqRU-huA
cm8vUkVBRE1FLm1k,c4VEAH5fyOoEdMy-vPFFQQ
cm8vanMueW1s,r5byReYhKMpxNtzvF0QWaA
cnUvUkVBRE1FLm1k,sJUysMB2DMrS_lQp4o6IJw
cnUvanMueW1s,9HQlOY-7IknpUoVuxyjPOA
dGEvUkVBRE1FLm1k,DkYICgL4GQSpKHo7h4ZGvg
dGEvanMueW1s,tFI2lCRaWLPBMi1rwsZ9nA
dGUvUkVBRE1FLm1k,P4Mf7H0qDcRWsZdAC18joA
dGUvanMueW1s,83qN3cSmrmSFA3SuxfvGCQ
dGgvUkVBRE1FLm1k,sphIdBJR-lu2Ug-JWbfuhA
dGgvanMueW1s,xcis7Dvn63jobOse30D9EQ
dHIvUkVBRE1FLm1k,t8rprez6VcelRdeVRnIW-A
dHIvanMueW1s,nMKp232llmL23hPcBCnhcQ
dWsvUkVBRE1FLm1k,5HbP2VMNexiP7GWE_53lAA
dWsvanMueW1s,cbhjTlVEfN4JfSqcOPMwkA
dXIvUkVBRE1FLm1k,7sP3tt40RnHk-yzGKoo-Bw
dXIvanMueW1s,d2XlFeKEeRJpWFYTWG5GnQ
dXovUkVBRE1FLm1k,Kspj09H41pfTdYZS4fFRcA
dXovanMueW1s,4FghEquPSnDGnsc5MgKTpg
dmkvUkVBRE1FLm1k,taf_GEOu5Qc7_L46aKXwtQ
dmkvanMueW1s,k8Vl-N6h0n4YTHEvc8uD_w
emgtVFcvUkVBRE1FLm1k,YCxmIuD8qmmFGVtfh5pnEg
emgtVFcvanMueW1s,hBfmLO2zU8smkFizFu2s8g
emgvUkVBRE1FLm1k,oeZPfevpMV__vj6qk4f6tA
emgvanMueW1s,NYi6spKO9klQOaex6W_VcQ