en/README.md,2174
ko/README.md,2174
it/README.md,2174
ru/README.md,2174
de/README.md,2174
hi/README.md,2174
ja/README.md,2174
fr/README.md,2174
es/README.md,2174
ar/README.md,2174
tr/README.md,2174
id/README.md,2174
nl/README.md,2174
zh-TW/README.md,2174
sv/README.md,2174
no/README.md,2174
pl/README.md,2174
vi/README.md,2174
th/README.md,2174
bn/README.md,2174
ceb/README.md,2174
fa/README.md,2174
ms/README.md,2174
mr/README.md,2174
af/README.md,2174
ur/README.md,2174
da/README.md,2174
ro/README.md,2174
cs/README.md,2174
ta/README.md,2174
fi/README.md,2174
kn/README.md,2174
pt/README.md,2174
el/README.md,2174
ca/README.md,2174
kk/README.md,2174
gu/README.md,2174
uk/README.md,2174
hu/README.md,2174
te/README.md,2174
sk/README.md,2174
bg/README.md,2174
sw/README.md,2174
cy/README.md,2174
hr/README.md,2174
si/README.md,2174
eu/README.md,2174
lb/README.md,2174
az/README.md,2174
lt/README.md,2174
or/README.md,2174
gl/README.md,2174
sd/README.md,2174
my/README.md,2174
sr/README.md,2174
be/README.md,2174
sl/README.md,2174
as/README.md,2174
et/README.md,2174
ne/README.md,2174
km/README.md,2174
hy/README.md,2174
lv/README.md,2174
bs/README.md,2174
is/README.md,2174
mk/README.md,2174
ka/README.md,2174
lo/README.md,2174
fil/README.md,2174
iw/README.md,2174
sq/README.md,2174
mt/README.md,2174
uz/README.md,2174
jv/README.md,2174
en/js.yml,2162
hi/js.yml,2162
it/js.yml,2162
ja/js.yml,2162
fr/js.yml,2162
ru/js.yml,2162
de/js.yml,2162
ko/js.yml,2162
es/js.yml,2162
id/js.yml,2162
ar/js.yml,2162
pl/js.yml,2162
tr/js.yml,2162
nl/js.yml,2162
zh-TW/js.yml,2162
sv/js.yml,2162
no/js.yml,2162
vi/js.yml,2162
th/js.yml,2162
bn/js.yml,2162
fa/js.yml,2162
ceb/js.yml,2162
mr/js.yml,2162
af/js.yml,2162
ms/js.yml,2162
ur/js.yml,2162
ta/js.yml,2162
cs/js.yml,2162
ro/js.yml,2162
da/js.yml,2162
fi/js.yml,2162
kn/js.yml,2162
pt/js.yml,2162
gu/js.yml,2162
el/js.yml,2162
ca/js.yml,2162
hu/js.yml,2162
uk/js.yml,2162
te/js.yml,2162
kk/js.yml,2162
sw/js.yml,2162
sk/js.yml,2162
eu/js.yml,2162
cy/js.yml,2162
bg/js.yml,2162
hr/js.yml,2162
si/js.yml,2162
lb/js.yml,2162
az/js.yml,2162
lt/js.yml,2162
gl/js.yml,2162
sd/js.yml,2162
or/js.yml,2162
be/js.yml,2162
sr/js.yml,2162
my/js.yml,2162
sl/js.yml,2162
et/js.yml,2162
as/js.yml,2162
km/js.yml,2162
hy/js.yml,2162
lv/js.yml,2162
ka/js.yml,2162
bs/js.yml,2162
is/js.yml,2162
ne/js.yml,2162
mk/js.yml,2162
lo/js.yml,2162
sq/js.yml,2162
mt/js.yml,2162
iw/js.yml,2162
fil/js.yml,2162
uz/js.yml,2162
jv/js.yml,2162