Y2EvUkVBRE1FLm1k,VMwABk1XRH45Hn8fyxxAjw
Y2EvanMueW1s,-q460_2pt05LqSmJTGR5pg
Y2ViL1JFQURNRS5tZA,eix3BMiQ6ODt1YoJVEU-yA
Y2ViL2pzLnltbA,aacxuAFdWogNBOubI82QSQ
Y3MvUkVBRE1FLm1k,dvUoGF98vo1ETNhyr2U93g
Y3MvanMueW1s,I0-oiVBaiQljgIUBrX7kcA
Y3kvUkVBRE1FLm1k,KjVmJYCY8LmcuqkNrOLflw
Y3kvanMueW1s,jO40udNHiHRS-N3QV9g2eA
YWYvUkVBRE1FLm1k,54F1UWRe5SucijuQ6e-0Ag
YWYvanMueW1s,JyGoWTo8Qceu4iCaYe3ziw
YXIvUkVBRE1FLm1k,J8karFB9qKSXNqMdX3IXJw
YXIvanMueW1s,Am4A8UnYp8CSzlCPEqx4VQ
YXMvUkVBRE1FLm1k,JUNji7XWUczShqZythDaPg
YXMvanMueW1s,V1PtqWRuCmzgZegR9e5n1A
YXovUkVBRE1FLm1k,24c55PW8tXsgQ9xUMpBIyg
YXovanMueW1s,2jk4IJ8y957iepr8kkyP3w
Ym4vUkVBRE1FLm1k,1DUti-dZXHlaLQ_Z_ifE_A
Ym4vanMueW1s,m3N36DVwZBlGQZde-w0E9g
YmUvUkVBRE1FLm1k,AtQwCYwmb2X5EsJEN9RfYg
YmUvanMueW1s,y3vcAnIhQdW-_v-KCHjT-A
YmcvUkVBRE1FLm1k,pBcpt3_M8Pm1571vSoL4Ew
YmcvanMueW1s,LJMLpzIPpwVajDs8SG9UwA
YnMvUkVBRE1FLm1k,KtUdZECEXMMkaL0a77uIpw
YnMvanMueW1s,KRHMy04FgOdoKZ58iDi8Uw
Z2wvUkVBRE1FLm1k,eie_iREJiSMuT3vX-50KtA
Z2wvanMueW1s,vRAjiPnXmR79VQkqsjrKnQ
Z3UvUkVBRE1FLm1k,wHx0vTvbLGp6FhwY410lvA
Z3UvanMueW1s,8wAs-clh_zch6PkF8wPlkg
ZGEvUkVBRE1FLm1k,-2G43yRtjdXZ175mdPmLWQ
ZGEvanMueW1s,2htMJZuQlKNGPFAysWnb4g
ZGUvUkVBRE1FLm1k,44afKRXhN_5__G9eCg0JQQ
ZGUvanMueW1s,U4XvQENfXvm2TBqBzsSdew
ZW4vUkVBRE1FLm1k,e45BD7l-eRn5I789Y2ZMCQ
ZW4vanMueW1s,2cHMDqWihbVGlhVScZG7_A
ZWwvUkVBRE1FLm1k,3orfKYmSsnByRtSNqUyV8g
ZWwvanMueW1s,yy8ezX79aCKF00kKOSobnQ
ZXMvUkVBRE1FLm1k,rx16f1F0W3bkEMLQ3TYvHA
ZXMvanMueW1s,jhLdkFjlR37WWlzghpDFfQ
ZXQvUkVBRE1FLm1k,ixxo9BybBSG05TFYI2f-tg
ZXQvanMueW1s,insNlxFCxXbzveA1abYXhA
ZXUvUkVBRE1FLm1k,KTHKX723-745OzNqjNFn0w
ZXUvanMueW1s,Ar1YtMmVMaOXlGp24WyEpg
ZmEvUkVBRE1FLm1k,Rs4B1UEIsDgxZyB6C-Lx5g
ZmEvanMueW1s,lP7n1jSgLJYQ3GbCJBPkhg
ZmkvUkVBRE1FLm1k,0-n926WGczYjhFCqV7b9Hw
ZmkvanMueW1s,_DRocSJ7pmwj8ogd7HLwrA
ZmlsL1JFQURNRS5tZA,9hSUraEF3STBvciHoWmkGg
ZmlsL2pzLnltbA,lc8ERe3BPhcR8lULSwdIbw
ZnIvUkVBRE1FLm1k,WNcpOrFKlJcsPt2FxTohqg
ZnIvanMueW1s,y5Z4cytyJr5EIQ8j30QgUw
a20vUkVBRE1FLm1k,UDd_GLDpryi4BoayWzSyIg
a20vanMueW1s,ss6LFRR6QWhCy6gnTZw0Dw
a24vUkVBRE1FLm1k,6-4mU8yr1O4HzLbJZLvBxg
a24vanMueW1s,18ZJyubjsWDOugNpoUjiFw
a28vUkVBRE1FLm1k,kL0PIyOuVaNPzUiNKR6uCQ
a28vanMueW1s,Ch6vvRuTY1B_3hPeq2WPAg
a2EvUkVBRE1FLm1k,gIP4UeoWq8XCnymsehHc5Q
a2EvanMueW1s,NkClY31m5PSkt6G5FZfnmw
a2svUkVBRE1FLm1k,4T4AVcgHbbE1O5h-0coV9Q
a2svanMueW1s,LGnl2Cb8SiyuxQQhE_Upag
aGkvUkVBRE1FLm1k,Wvjlc37yO4d25Olxl6g7Bw
aGkvanMueW1s,sZy1AAge-5RHVXWDH9bWcQ
aHIvUkVBRE1FLm1k,pqFZCDypDYZmDN0fDPYHlg
aHIvanMueW1s,KRHMy04FgOdoKZ58iDi8Uw
aHUvUkVBRE1FLm1k,aQrz2DFzyNSn_fMZYLf2ug
aHUvanMueW1s,wDKfyf6f7D-L6ZQvOkxUTg
aHkvUkVBRE1FLm1k,_n_48kKfVuuGzDb_09kfAQ
aHkvanMueW1s,A-8Bm5L82n_AK67kc6cUpA
aWQvUkVBRE1FLm1k,xtUx1JuynKb-Ji1k_QrreQ
aWQvanMueW1s,20olZmotJJQrkesOLMIRQg
aXMvUkVBRE1FLm1k,82GCgJFJAfNKs0v3StdrDg
aXMvanMueW1s,7fe8SDrJb2lUTZ6BfFVmPA
aXQvUkVBRE1FLm1k,s-Rgel_tFl_THl9RCSs3Jg
aXQvanMueW1s,vTWXzroYdOXFFuiUAqgHkg
aXcvUkVBRE1FLm1k,wEWMju-L41_pHxUgT3TWeg
aXcvanMueW1s,LB_SxkLrtnORNCU3c9yy-A
amEvUkVBRE1FLm1k,xOGfqAzkNFTmCUwWThxEJA
amEvanMueW1s,jhcDI11p6gbPH3HbNvGDdw
anYvUkVBRE1FLm1k,KBBoPOydEueUgFz_NnW5Gw
anYvanMueW1s,RdeFaMrEuCtKSyImFHj49g
b3IvUkVBRE1FLm1k,NjE8B0IDNYBhAUlbqCJaoQ
b3IvanMueW1s,UQR6X6bJzshJYE9Np_hS7g
bG8vUkVBRE1FLm1k,ClfOCGpsk6txPHRuvGtSEA
bG8vanMueW1s,T2w7o4HYR-bGIQ49zdV9Yw
bGIvUkVBRE1FLm1k,9wnMjIKeBXwA1KDmKbpamw
bGIvanMueW1s,KQFBaLlnL75H0mzSgGXb8A
bHQvUkVBRE1FLm1k,jHq1iEq7Si5LKUW0f4jclw
bHQvanMueW1s,DVBSkBnP0KgUfDZd9mIoyw
bHYvUkVBRE1FLm1k,Ci0UsGkhDcpLha-EyC5TOQ
bHYvanMueW1s,zGsZNUwGvchJZUWwWRSW7Q
bWsvUkVBRE1FLm1k,R0uIwBdxCedihBvTIEKHXw
bWsvanMueW1s,1Wy5zhTeLs8gAwd4PjBaRQ
bXIvUkVBRE1FLm1k,EK51yFNGtQbk18-62Rpcrw
bXIvanMueW1s,Y7yll1b_OqSQ2LlQeOvFiA
bXMvUkVBRE1FLm1k,WEbAcbr0BTysx6me5238cA
bXMvanMueW1s,ofoWwXulQx0JMLJFi_C_HA
bXQvUkVBRE1FLm1k,hTWmI2ns1DsBc1Ld-7x5IQ
bXQvanMueW1s,Psr6deDk9g6i3r1E-_7tMg
bXkvUkVBRE1FLm1k,fhDIsMdQdn9MDK3HgCFN4Q
bXkvanMueW1s,sgQ7uw-UIC2720o54uYlyw
bm8vUkVBRE1FLm1k,QZLBSCC9iiNx0LfFIQUIUQ
bm8vanMueW1s,cfcqllLmQLh5NpmhzW6VTA
bmUvUkVBRE1FLm1k,qulHHzkSGu4HgfOoF7WziA
bmUvanMueW1s,JAbBsW7PWcDv9xnOkQD21Q
bmwvUkVBRE1FLm1k,k97JeQGcgJW6Sr2GOsO-5w
bmwvanMueW1s,eecHZTSzj4qJGUEH8dn5kg
c2QvUkVBRE1FLm1k,Jxe5l_b7Pqyb5yH4lhlKBA
c2QvanMueW1s,paqgDNxdyFRWeoegX0oLsw
c2kvUkVBRE1FLm1k,qVBCSKjpeOMCvTLMUnwR7g
c2kvanMueW1s,Zp06wUyaS_3jJN123Gv0GA
c2svUkVBRE1FLm1k,b1Yq2OfVOc5a6y366e4-wg
c2svanMueW1s,98ILQ-9RvifcfGt5-I1x7g
c2wvUkVBRE1FLm1k,Ktpstk6NirUEYd0BmdvXLQ
c2wvanMueW1s,9pvZXBHhCqthEHUs0q8sLg
c3EvUkVBRE1FLm1k,aBnLK4R4VD5SqUXFVg9WIw
c3EvanMueW1s,ApGwCR4cj9wG8T5b7IHrbw
c3IvUkVBRE1FLm1k,Bhy91L-tkMJ2ze5tDHxXPA
c3IvanMueW1s,vfZoh_9L5BsYTgwSKkVbNA
c3YvUkVBRE1FLm1k,d16WwFqVi1YlIZY8Verirg
c3YvanMueW1s,wOBXq9--rIP005lWAbnQfg
c3cvUkVBRE1FLm1k,ledBouFsLjCbhM-cfZsrmg
c3cvanMueW1s,FAoJG0Y8OR4KHWHJz1Gb5Q
cGwvUkVBRE1FLm1k,uZ5bVFkeSOWBVkAitEr7Hw
cGwvanMueW1s,z_VqaBH6SKrrR9TpOlE_Yg
cHQvUkVBRE1FLm1k,z3YMxGzKohb16Y9fWqbMug
cHQvanMueW1s,tTK6cXwhYs_ycoHLSC68XA
cm8vUkVBRE1FLm1k,TA3GzFYyVCT90m_OiRFmXQ
cm8vanMueW1s,Uov4DRcwbwp27_eIhsSQnQ
cnUvUkVBRE1FLm1k,aMYqoxFGUQPt8CGCW2VhWQ
cnUvanMueW1s,C4gOrbogTm2zB81LALnE8Q
dGEvUkVBRE1FLm1k,LrGAPKL5eky8qcE1Oy6e5Q
dGEvanMueW1s,7_cG45wOme2HR1XE1uYWYA
dGUvUkVBRE1FLm1k,ILCEOe6Ainme-kMnzONNWg
dGUvanMueW1s,8XTAfll-mtQxIJhtOrg1EA
dGgvUkVBRE1FLm1k,48ufETms3BgfFvHUPjgtCg
dGgvanMueW1s,VmH3OEBL2FgfMcw9-O4ZJw
dHIvUkVBRE1FLm1k,2eZ0TJywSGIiZV5XPsSJrw
dHIvanMueW1s,OQvI3J3e5cF5TkpifAPgsQ
dWsvUkVBRE1FLm1k,IWZoA1VqODVyfEFw2fHPug
dWsvanMueW1s,ctIqQZnvWl_KvW7RQK0Ucg
dXIvUkVBRE1FLm1k,4LNWl-6ai-bw7p6TEkOqDA
dXIvanMueW1s,d4Hs4U8u8kYJsAHvirwOHQ
dXovUkVBRE1FLm1k,rd0aHXjGQPeo5FIJqv5UEw
dXovanMueW1s,HwfxfV25bzqtDfsGMCwFEQ
dmkvUkVBRE1FLm1k,4H8ekdRTIyH8ZqsYwC86xg
dmkvanMueW1s,2WbgmmCBiBscsfqP4qVtVg
emgtVFcvUkVBRE1FLm1k,AGPtg4eLThAjTd251TM_9A
emgtVFcvanMueW1s,WZn2Lv22vLw_Qjze9RhtMQ
emgvUkVBRE1FLm1k,4vJwqjRggMZpPrNMNSE6zA
emgvanMueW1s,IhlSK5l2KpRT5o-qkRF09g