-Kd0OXaMFBWeSyWn0Ds6Sw,vu1Ozg7UzkKl4wV0Txe_CA
-Q97MsburqEl7BZWdQoAAw,5B87XlVCXhyQM24Pbvp9gg
-SMkZ8TJClCXZ_6X8lsqcw,cqRqsmZ2tFYmZ-gHDzT2SQ
-lDQkm3ZqF8bS9l93nE9ww,a-q18C9VObOlgZeFMDRJ0g
-qXhP9I0nHpG1HGZS8FVBA,khKx9k0TG6PhNq7-BjNW-Q
0288oP9iJHrtj5qLpRy2sw,aEgNMcveuy952l_vxsRgtw
0SiUWe-GuHW52SAruQjCnA,lzaiDE6gjgnPZm6d6K_2Ug
0UxGkosFtc54OIo-S1yqvg,KbseZWxVsF8GUpL6I7qdwg
0WGyKPWUnYwWdIKVWM7wrw,rF6TO6sSZbC2a2jsmm3YuA
0ZmEq8ILghrvIQwwrqCPMQ,GZZu0WUYOqgJfeA2zbnD5Q
0yGto0H65SOE03hWHXrI0g,jhMIPJcyesq8MhGWXtWK-A
0zyTBhHMsZMcKzdU1HjeyQ,2NAsA0_--5WasiVLWsf_bQ
15Z7jgeZzmMu_B2Wf6oW9A,hp6oCl9a8vH1GfUcc6ynrw
1Puwt3zdXwLoHymnzEE8TA,4nsZb6udpif9d2ek3hVj9Q
1j7DB_mTQldl6Qp0rSCOVQ,bauTibhfrusNLzwSYCwJmg
1udNMAkHltiNhOWhOVwA_Q,UiG-jqg96SbU_nkrZxmnMg
2EIE2Xyagp639qVk8AQStA,nlXCnyxpi9LwMqEn4vsK2g
2MPP23T0MUpVj5PPOqpxzg,OT2KyCMyqb0XUuDg3sbZiQ
2TDXpcTaHuVre3KQe3NIow,iI-dGJ0ZBQLEFlfPyFVHvw
2WojKeZGjtP6oAW0rNlHyQ,T6qQjAHeqQPmKX39VYV59w
2eqiUom_7IQ5T_3J-lyuBA,1XecOdriMWeT0L3RiJxLlg
2jFIxjqFqsrgPoulnL3xoA,o5_f5Omld-VUULD6ocuC-A
2vFffQu_vEP2jJPmpMH0aQ,5QxZZl6bqpbi--EJkJzkHA
30znV0dSJzV7vToXy_3yVQ,c5d8exu4vQtM_mO7J5rPPg
3NzaZAmwbqUZHl0Yo0f7tg,eUgRgzQUCUg0sWWL6VCEJQ
3Qa7M_Necfc-1F5gbspkHA,CkNBcrE7ZpenIogVD9rmsA
3RmzhKFCaM2_mSYXJhYQbw,5Z-xmnltv1OcuvhSP8R79g
3dlrHiPGhxk4U4e7JvXc-A,20bn6mnpDnGgKRIiNU0Tag
3fZpLFWiMUglc0R9yXAnKQ,cLH02yfZCgLK1E8kvsRMNA
3mV1GlWSFX2azHAePZCtPQ,4YvGadEu9bSqPO5CHSWskQ
3uTmi6USFhshQxF6Ro8jkg,EMFFtrGxr-qMaiO6W_RUgg
3xLXTL5T_6tJnplht3o5mg,KOir-GUo_gl_fAA2vlPK8w
48ncos_MDnUauTuCLthcMw,MksNuvORhZb5pLRhk0F4VQ
4A6JzJ686K6jNBC5XToykA,2SBCOgPiBQTGvQZRWr_P7A
4ACnFE186-YkcAoRlqWarw,09Ds08ZP-TyVKCeyJmvptQ
4NDrRuWIj1E6Ti4h0y2s2w,f4Otvu01h4wtneMjT2G9ZA
4lQhY6i-5sJUP6GRuUSY9A,K3lnSaDKY7UHncGAEWsGmQ
5DfLgMiWp6nyNMV9PuKxiQ,_ebmTSjWUkxKws-p3lYNtQ
5_K4gKmR_2-Ok8BvpnULeg,iG72OPXjJbVb2ZjGPzSkxQ
5rZ15zfuFJbMYKMx75Brxw,jfZL9Ar1th6Taz_oOsk5wA
5sJBGp10jdF84r24uKE9pQ,GTT0VizAcNS7h8ycCYMUZQ
6QVdKQxEFOPf2dmIMkmh3A,hc9ZZrsMEofMUww6l8Fusg
6dvGPZCfPZDCwohc_Ev2IA,2fINcCTGiOG-JhLEbhdAyg
6k1p7QZf1vCiNZal7FwPIw,6Touz0R6HT71Ribx7LHNsQ
6qQdPCsib0eMn0xZUh_5WQ,t15s14KeYyzDjRBFugYcbw
6x7oQCpXrLQ1WizDPZgpcw,kprXPwq6TJEVNNRLkaSBgQ
6yL0rp-1U9jB-vVrj-gQqg,S-69tvy9jUIvCy2VzcVOcw
7Lomdfk7Z83qUPywYL3yqQ,RjQL7mledoHKfEKqVcxpuA
7NrBxHNtRWIY3y4hiOlcxQ,rvlPWtEIPTJ-vuBMbuTKgw
7fcYC256lpBXb8qeEI37cQ,ytkQ03CzoFjaWZ5UB7SDFQ
7mdKOjMoN7HWHgeAdVl13Q,aZvi-Jg04QP6cDV3KpgP8A
7y0CN9AXdEo-4irnU7zZZA,DgsDtZX8PCDaJk5gIbezmw
87eGdQulGP3Mc-AOHAmseg,rM-gF6YzrhPl6EukOXSEkw
8AH3wOcKuoP0KdqJBOzRuQ,rWrQrM7Ra0pGSHpANZLlDw
8BNb2esAGwP9NFeZzALI6g,U4c_xinwRE_CzFr532aKqQ
8BiBE_dF6MTs9BL2GOtzbg,aKYTqPNNNx_gqDqSYcCp1g
8G3-OmKcQ3PRJjBJBAKm-g,S9k6_h3s70MDGyT8Viqe7Q
8H5uDBd5HLHFUGvXXLmyJg,SaLl6d42wcEhVAodwF--WA
8btmYIGlPWFIhsgdKKE_TA,c_AeVm2HbrJbA7xdMmOdZA
8yEQsOTY6XPnXdv4YvMpsA,CzpgV4v8AAzPksYOaghJog
8zNOB4iB-zZqgSOtw8ye9w,NcfpXnvWpv3uid9mxfVnJg
9JoYeteGZRPy3xJpqnt9zQ,tk-VPIOL6PXb6T84pzudEg
9Lemv9OK8pQu8YhNcfzE4w,3Bl9HzT5Zu6M42CAsis2kA
9NNJXH8hC-IkbUbd5OxG3g,zI9dlSJE5bYzuFmlUoWrqA
9cUwp9HzC4jp3LevlexLrg,KsCjx21cxKaCgBn_EaDZ5A
9qozKSJkhuSUKGUv53Tkzw,CeeKgCtkaIB7MAPLiorjUg
A7-YZq6gbXp-EtS7g_N9mA,neBrlOzmRZOZrEByuZmLzA
A76sb1mOlyqc7WCefweRUQ,LpJas2-wimEUm54hMGyr1Q
AA4UVRlz629NLvagu0CWVQ,tIvYaF64sIXfMygv7NSdbQ
ARv4Q5KkvAbQDTPB-8h1cA,WF4zjfhJEahD0m5-Vr73GQ
AY5yCG3xbG65LJL6HOsfSg,CmMhV8YYc-bp85jWFS0BZw
AoiycAXjW656IEjtMlaXJQ,LYV22eMPzcXiL6RHWHOcsw
ArJHTxRkA31gwDkOcCiF_A,8Kqyzx1yjwpCey8HPnTMUw
ArjNu8H9BUUGv7DFD412IQ,4rDqPG8Ap9IJRcYbfSh0mg
AtWTYBZp0JmRoYAHlhCbVQ,o6bfjhLAq-j0r0KKbeBbxQ
B412UWXw_eKQYi6TVHV2gg,Jb8pEVd7irY1JgMh1rAMaw
B4gAh6C1LPtn6rXHMchZUg,1zDpGilitlHxgEMi2atayg
BUyzeeMzSq20Dlthhtn-YA,7N-nCaYcsrhotbFeCEFntg
Bignto9VeAJ_qvaOHD-i9Q,uMF13ewRXhritoiM0BaxDQ
BwsRG9M8hyCNc1fssv_13w,jCkbXyTRDtI3OJPH0xsmjA
C4F8IJSngNWTKneFYRnh0Q,sxAvmsGQn1dkZfEyzAoWKw
CIxBrg_1ucEGAGwpsD9VYw,vm2zKIU1u6O0EOmwFgwrNQ
CM30cPQ9lrMq4Ll5VNsgQw,g3Alieb2Ljb5aotyDGTNqA
CV7iZCY56izzT-ADAxpxHg,DZZ9SaUHI5fpyDyniULBjA
CeGC8q6Mgx8Rtls65jD7pw,ven0WB0nQDgfm1l0pCgOtw
Cm9LJw0X106ArTGnwq9jPw,lPNWj501iUoNLfZZvUz0vw
Ctanc2NxIr66tqOEuo30PQ,F2Mw66NFzQDPFTUnKJEkOw
CtvFWZe2KOecKiMcNtTLJg,uwah8zt69-g1Yh-quXjQOA
CuqHPx3N31AEdpQ3o2XIzA,vO6ZFAmvNnCznawWbyWm3Q
DBVvAZ4BeiwKWZQA9BjA8g,xHVPbermYAEX-p6R0LmzXA
DMFQ9zYYnlW2FW-hGocFMA,3KhwUQUwLiBpI2ya1TI1jw
DNMExoFFUrmipHDOSkrtEA,Tap0Za78KhtGuXYaFVktlA
DTXMoD4XZT3YqYUYT-lL3A,hZ5FTwqb6uTc1BF_fnNCGA
DW47PWxXeE_vs8Sm-le30A,pQH5jx0ClD478-AsxZJbsw
DgYE-oEoVkexe8pYRudMyA,bHmWa8YKuuZSAHJI4VVpdg
Dk5mL7J7o6euHiIJNxlq8Q,8eM_XfLeDFgp1E2R3q44LQ
DtrlbaSRmuV39AHMTtMEeg,6wiM98W94vh472NKYyGkXw
DvXw1aTNtg64gPdiipxkMg,tI3cgAo4vCN3TKILNwE5IA
DyQ15lfFgi8Xxn1fF3cZKw,OIa8Za-oamMZZJ7fC76tqQ
EBxC_tkJzpBxCeyNXXA6Zg,NTWow5iw4JIyrUdg8p95iQ
EHpdEV0sT87cOOBEPdn-Wg,aCwXO8oZooI8Ymq3xUW0qg
EKpHfkhivjSsnFqmt1qfOA,0gAXUJNPQFcajTCQfPjmbw
ETO04xCNwzh__4BAnEVmpg,KqQg4OizsPe0TEXJ8ntXJA
Edd7BBKrw-7U4qPLIHAOYA,3dD16oN2OUpjUALgcOc5cQ
EoA2-tMuRYTfOuauY2cHHQ,HqRznBf4SusjhpVwNOSOSg
Erczv-pne3xr4iHgEq_1yg,OQlr70bs8OxYokmvj08vxg
F2sHYBWoezOM8V5al3JlQw,ceTNLcuArDsmwx89kxKdXw
F8Nrp9wFRgrk4w6_Esi9dg,SfQtlgwDq2biThdIGdzYlg
FRWlexj4eLTd5brzv6Hzqw,O2_-n92h5FeXMrqabcghHA
Fp-SfFQUZ_6RkHkVfohCng,rA2zmjeMP2D4AgB6FPWuCg
G5hzd1MO0u4biUTH7gsIQg,W4-unO3XKbMxwLDEPkVk1g
G6ipfhKrUKV6kMs1XLGL8w,ocWC3_2K0nHZzZoth2aCXw
GFf8izl3rV4vKjlVN9pttg,-FJJkWn2i4gDDwc20vm_cA
GLq6NrijZRk2tXZHSLC5eg,7cPGx-BW_PtsvCRologKxQ
GTBqXdXaioL_lLCN8-JAGA,CeZ49Tu1u2GmuSiNZZBCvQ
GTE4rzgYPkgGp-t4zYozmg,0KlgnHSDUWaV1C0iCrcsgw
GVjc-FdqPWLj6jWCqN4sXw,Wn-2iYBYjdSHouEJH3nHMQ
GxOZNGSBj3CDcBlr9aFgAw,dUoMi925-5EgAt6nR3fGYQ
H2b1rcom46T9NQTvvQzXPg,A7vnZdjlgwVHDMABB2Y-UA
HHE2qf677jpWArf9nqyoMA,gO7vPoZtbPvTSh0X_mqNkA
HPtTkO8LBUKePA-9B1LZAg,Ru_iuOR6GjhwYfRkGR_8Qw
HXHP3H-OujEuSgUqgSObdg,N0Sg6pCo3UgTIFgmImMG9Q
HcE6JUGhmkF5JySfHK1M7Q,LL9GeVQVlO9sOIhZLtIM0Q
HnJb-NXcp-FK-o9B9VlmUg,0hqg4S2dsmQGkdfEZcPmnA
HqpQBv9sJ7g9YvlCvtHGaQ,Kx0yRrIU_zQuyWcW_W5IJA
Hs1V05CtnsJoIqStaz5vvg,W5gJJicf3y2Wk7-kxwtRhA
I4pBJM0OEt6ssV4e6GHBsw,9BINnt8RUXtVk3aHgH86sQ
I59BZQozvIRGImCmdXA1cA,wHsTRzaQRlAFZzln-_D-hw
IMJvRPPYzWS71fKf75ZLDQ,-sYP-YI_5flf8UIdR4nWTA
IbIMygjby4-mxBhlChewcQ,917tnCD6cdMcQm_zkhXDng
Iq0j53OvN32H4yUj1fIRow,D1K9KznS4lBm83LQhxtHJw
Ixe2SaJZGRKCFTzDNJFTJA,qaXchQX2rMh8PYq7iCQOfw
J4lgYqsX-hxS3kngQS8ZJA,90unWAsE6NtAIaAkjtmekQ
J5HCgNgE2SOT8Enzbp_I7Q,uPVbnV2T848FGfo9QMT8EQ
JG61oujyeX8afKOL88osPg,sUTN4TbUsG-WjBmlAMYKTQ
JIzBLBnN8g40pzzEuHwEFQ,9nP0W8aDPGl5Z9qMxtLyeg
JJtmOBlIHbCW7K0q5sFsAg,2rd66jfBsoVTr0IIodLB-g
JbKIJpAGiye8T_7CHVg_2g,Zxpe97bPBDiE7sMRmcflRQ
JnTWGMgi5hBXWrfAhxl06Q,KaA8WEkbcKhFXGLCZA8X7g
JstZMK85jAVfyyx_g0vFZQ,N9AxNoOBKxmNiFrcyU_eNg
Jx8P_TmZFGX_5GEv8pVIqg,ao-dMhpTmlejy5oaPk86kQ
K-K1PBHQVSxSgbNc1FLPvg,zVE9dZ0HEksKvxvzX75tPg
KVoF4zCJjEuvIxNmoOKkNA,oHfUvR8xuqULP82PTe7dJg
KzyTIe93qwD-2jkFIP8P8w,sAiJ0rP5wbCkrFOuIvsm-A
LSt5Fkn4QgbY5-Z-A8KB_Q,CNk_48xXPoqXjcEXN61Qzg
LTTc1mdf-OS3knp1Ym00cw,obQBFQ4yB4URJcdp2OcuiA
LZDX6PAJhWo59EyUpvH3ig,1mG0S3eLOCjUs-YSdV20YA
LeU5IOyhDY2uCRYZ-3fRvg,Vdfrr9jGbk6K_JFlzVIQAQ
M8qqQjeV3-FDEljHt7haCA,CZm7t6D3GN0yAx1hi4ZPbQ
MIeIxci-3vLHf5RNiiJm7Q,X1Xv5MSB8e1F-kBdrU7cVg
MW7h8er8LzJFSzZkQAHryg,C9_qn_NlfxXFN14uNnDFag
MYXqF2GhI3pAdPYTxlMLaQ,vIoxgjKFJETp81wLN0yDPA
MmTFVTtLMbMBm1l6PXw0VA,GKh6adJXLkyqgtlNJV1UZA
Mr1zFuRUTAC8aobP3bSDAA,TxeHvSF7EugavLquJ7xAtg
N3pRaG-GDcCZsoBeXbZVJA,MT6qOtwC5H2MI_eSO7DZvw
N76qVQRatE-Y4dV58-jtoA,QynvtoSZzyyBLiIvJQuFuA
NG13_2hJaDniUNTrt2syKQ,iJhyl3-SmROsB5aAbIXwUA
NQMRKnrBvW5tMDl7pjSXjw,dx1EaXX7XeNiovfX6KvbAw
NcbULPwHa96RtGD09MvecQ,KS9WONGDHbiY4-euCh9miA
NccPCIGF5r6PpFE-wXU1LA,SFyjRiybxjuhmFb3Eb7AkA
NijA7nNCFvfiqQc2lL7WLQ,vTnuZDLphLqbgUfJ4PLxKQ
NjiI_YpWJsRQ2s5QXNyfpQ,pGHPYObMG9g913pZInhKSw
Nsxu0Zj-gzp5bNxv5KD0vw,zMJyrmIO-ltwA5zkZZd4IQ
OARtB81ujmdQ0o8oh5gwIg,8Cbj4a6XLkyUUzLqJWLTiw
OSxnIRkuUibn1-BEzKYAZw,u3BIm4BK0_BnCQzlzpppdA
OemuVbbkEy8iE6Hr6EZHsQ,VuGTdI5z5BqZ-_TYEON9Kg
OfxrhgIX0IiIGf1L4G5l0A,yQyTugIjs7q0396s8oXAwQ
OtiSSdoNVSb3UV8d4OWz9g,UM_f7l8fm147zrPF4YRpqA
P2kpkoRKFKjeGHGm4m8Z0g,0n0cLf-9LSCoJjhfVpLipQ
P5rqYUDYD29Cv44m6qx7dQ,WHMHBq5zLi72a2MX5paFlw
PCZSRGWAOaU1WFw8jSblAA,CM2tOpvyYV-F1vLndIq1tA
PDwI0hnvNXQVEyXKNEcMBw,7FEoHYFwJCGjDUUO5d_fYQ
PG7-mHcy8CubFH7UjoqEjA,iOXZ7Vluu-rFXWjCyZckAw
PLbSKVFeLzKbyq6LpW9E4g,TmRSYLjKIS8X6HLPl9MpUg
PXKoLKvJPelqSR8MKVcAtg,I50SY0xmW9PJJKRpfULPeg
P_aF0t1TYtJtxlNr2nUIeA,Dy6jTHZsle_QS39ROzghzQ
PoBA7NmL4eh8CbCJrdfU4w,5CkS1rOuzflYrWh2CETmNg
Poz7pFKlWp5664Kbt6bmzA,8IwZDdGf9BRv-0XLNmZhrw
Ps1-4YiqVk6-hiGUPM6tEw,vEHtH4n-q4ML58aQg94s2A
Q4paNOfA9vS6779XzcV1FA,EUSZszieoqAr_p0NIQQ_mw
Q5Ob1ASEw-U-VX-vIRLDTg,ly5n6lWc3VSqLONok9PQRw
Q8V-nyHBU62N_6NoqPlqmQ,U6Q6RQxxVhXmA4JXWOC2Hw
QHRE1btlpmEtnKuwlB1VVQ,hPxyVieqwQ72WYf6zL7Ezw
QMcGkrMyhngSvtBDCWeVgA,W2UkXWPuipDQmA1oHFR6wg
QQDEPKximki0Y5FavnssZQ,200EIqMZrxOPhJZAKmNLiA
QXYsO8aaHr6fexYJWspCaA,YpgLO05WdGUG4vHUgArysw
Qw4LxQXMKgEDF2MARI5wMw,dErYymmk6hKieecCx1BaLQ
RCvjju0LO8RRh3pU032O3g,UUBZnJ7YZJwDsl1zuD32MQ
RPO_I3hbZWoFOj0zB6Hsgw,Ru_ozQiE9Qx2hhccM5717g
RXqxdi9uruC3b-wCyTwvdg,TZu-VKLAcOkXzFI4b8cCjw
RaqxnGQqJlvX243J6IKWtg,ySCoX6Dr2e2jzwhfEBRw3A
Rb0ymHevn6S0K2ResWUNlg,YZ6__h3Zgn5i89F0E4QURQ
RlNeiayBY-9KDL6vgqhu6g,zN8ENVw0dayX3GcdQIRPsg
RmCiVovUoSQVS8l-KkjW9w,qPOnHli0zR9ETY7jxN_3lg
RrKZmJO67ysm0YZUEJHN_Q,Tfkva96fw1-LkUFuvVEw4w
Rv1oPfQRbDYzUGkWPI4L5A,bbvAW_0USMLUAbNdaj5_8g
RwjCJyYmYKDJQMfNQ2AEGA,9Bkqbme9r0jIz_Yak2vrKA
Rz4yTJdp8ZLBUJFarMRK3g,GCxQ2sphQKGFUysC-q8CEw
S3zeJI0nWvw0N0nLBAJ4WA,Qku-DH6ELiPeH7ELGgTpyw
SCGYXTaZuwbv3fN2OvNQ-A,NfPGec-UP2iMV9n83s9Hmg
SVOHfbxolbvfm4O7URPDAw,1MdZp349XRmcY8OuFPOVZQ
Sna0zbTVuR2SIxCDybleBw,u0yTM8GwgkaGseRF-q1Bww
SxcDU8RgKVSn73el_Xz--A,E23c4x8dDFMS_G4y_tr0-w
TH6t2fZd8YVfLBPqx-56Pg,B-EW_5SbtCWK3kBz-GTRHA
TYLiV7yGFcX-aFVFRNlJ-g,_vPxNhTPEKekw_RtKTpdjg
T_RookejhnkCSQVMEewbFg,d1jkd9TOu1tOHk7G46RuoA
TuSD5yKVD4Mg64_Q8fE2WA,hWPyrTGOnCfeNUtlIM42Jw
UQWFRm1fPvVzL1vymyavDg,BKLg0DW9eiwc2ZCo9u5hpA
URB-2wr7_YAiDw1n5nABGw,NBzDU_oxX0agdG3KjtBphA
UXvFBACpEeGylY5jyfvs8g,xrczXRco-dmnJA57_5_Mvw
UgBq0DVnTvraDHebqoBS2A,MnHBFENBDyMws1fIcghQEQ
UiTDCUV7u4hMiXKJFooHpA,9HRNY06tSxWc_MwpfKLVtw
UnimrIM6vlR0Ujq7ECevDQ,evd5yWgfXQjjixyWeWSxiA
UsSgFl2raNUHJsGf-iOO2g,7oSRG1jxyaeOVNQ7TfStrg
UxJxkGuL3nkQR7nMoYaGNQ,NlJ3ouHFmNIoVIFjanOeKQ
V08r8Iw2xflspNB5SQ-3Cw,kLOB-_sfJ2yFm8c-jtpvyw
V9VkyirVN0CQrHOV9ILlWA,Y2a2-ED3J4Kv69gAG9B0ZQ
VAhHOU6SrJNgqxwhTHzgkA,ei0dY6iMxsTaCdbGcbmFqA
VGa2_pheesZ_3BPRlYf5Mw,QOL4yXD0Rx2I5CU9ohpJMQ
VRqolUlUX1cF_cj1FR-maQ,6k8DzzavnnM0uieWE9R9gQ
VaOZuW16a2pyi45IzXk9sw,-l_yR9M5P_r8tuN7xx6yMg
VmGdPZk5UZiDgj_tUDL_lA,z6prg2ZrcIqUIJHjuYCjNg
VpckadecKbenQLDAqAsGbQ,rjitpYzMUbA0lNBcasLGOA
Vq5Bu8kzCUkVhjbSm_nXVA,v6g379hkjE2lNZrvRpQGhA
VyrPNJPDSuLDIWAE5MbZrQ,9M2cS-S155GTtsDO1cctKQ
VzrwYqrY4nZcqrda0GiYmQ,bn0Blg3giRjM7IgYlUuyAg
WBDciWdMOejGoJMEIXg2ZA,6W7rsAp6O8kXtzO33jP1Iw
WEMiKYtBbe-HQGh24tPh6Q,z1T56xggnIeugZInqbg1iA
WO5IpCeg-Kf46tP_1TOaBQ,t4AO8GSd67MXDsTMT4wisA
W_AvdOdxVTMoWIqb-SBayQ,_cEAMETZib1oSWvrdMx1IA
WcOmukJ8Ip1xrlqtLuEPFg,V5f8eQ8XlFEznycJ3vmAaw
WgUAlVjPiy8u0FVN0z3yhQ,uVK6AbrWS8dkkzzGpGG6sQ
WmabLpcH0mxBpoEAlJryRw,KUzvZZ-62nvKtrG3l_L-Mg
WqDQFEZhqDo5bN0zhhQUyQ,5Lfd1dksRkCxsip9yt_oXA
WvxbJ5fdPGnMLxWPhxbicg,q9BHTEBcp2K8fRzeUul6eQ
Ww_QS5aBGdoyyuDmEB-riA,OBr1LTP3YJyz6kVmYZJ1gw
WzO5kKogAFl_WTxJq5p-fw,kt9c28499Aae3NRwm-yZDw
X8BCAvCflIrKuY4qc6IGew,ZAv5oV67zW5QzvL3miTBzQ
XEbCrYQpLzWY9ucKHOGEwQ,TPI1tQ3A5Enzh-YYyLbOVA
XJYMRjqicH0GW2c7uJ_jGA,QfeZR3sNqC16FfeOM6aKEQ
XMi0CLYb9Aco_fSNvUfcMw,QdDQyFNAo_-9SCqG3lTuhw
XOdEfxgJXbHc4iJfTMwKuw,65hoAjNc2Kivu9HU2Lxv2g
XcbeC5KKgknCVZAlZUBYVQ,Z9alSZUfYZTmeJbhA0ppUg
Xov8zYIU2EmCRYP_FOBjtw,VQw37LyjAL_IDbK7_ATfBw
Xz-TQV_iSDHODtn0ivuHaQ,-WjkHueqSUX-xJgjx8M4bg
Y2EvQUdFTlRTLm1k,uEIECmTQRCA-bEEwPrL4rA
Y2Evd2ViYy9TS0lMTC5tZA,7i7LBEq3WjQ_lEENfk5IaA
Y2Evd2ViYy9kYmcubWQ,uB0kvYCK07-KZ7HTnUrvsQ
Y2Evd2ViYy9kZW1vLm1k,QGrOixU_QEFUSkml_XTQzQ
Y2Evd2ViYy9pMThuLm1k,btAkm4GMQXO5F3OO8cqLLA
Y2Evd2ViYy9qcy5tZA,av5TXToTRzzrlB1fSYaKLw
Y2Evd2ViYy9zdHlsLm1k,Gr9q-K_DiP6EAKtfV_UlJA
Y2ViL0FHRU5UUy5tZA,H4fpAJr-cWmOFTDmzL056A
Y2ViL3dlYmMvZGJnLm1k,I3nhg8aJCEjvVDossY88Dg
Y2ViL3dlYmMvZGVtby5tZA,6V7Jw6jOUdBCC8aq5gK5iA
Y2ViL3dlYmMvaTE4bi5tZA,KbasCkyL_UxMV4Scn5invA
Y2ViL3dlYmMvanMubWQ,jawxxq5W59-wXl9qwpvmtA
Y2ViL3dlYmMvc3R5bC5tZA,QXsf5gnxIHGTsTyMIQrn2A
Y3MvQUdFTlRTLm1k,g3eoGgRruezHhwpF-ZX0yw
Y3Mvd2ViYy9TS0lMTC5tZA,xO0U7RWfwOgjKVtxFn6-xA
Y3Mvd2ViYy9kYmcubWQ,riwyS9Oh_3pZPD9SqZFwlA
Y3Mvd2ViYy9kZW1vLm1k,ULWk6tzSyDU0XNqJpPZw3A
Y3Mvd2ViYy9pMThuLm1k,bq8CbX68spNINaO9-Sp_zQ
Y3Mvd2ViYy9qcy5tZA,njd17dpMwBvSkMPIL-ZxQA
Y3Mvd2ViYy9zdHlsLm1k,ylCY-yn9Nt93pKYybibMHw
Y3kvQUdFTlRTLm1k,aTyg9RSJZGi85rFHowk4nA
Y3kvd2ViYy9TS0lMTC5tZA,qalGDHr9FftMYKtLMvVF9A
Y3kvd2ViYy9kYmcubWQ,BljVVo9WssmysSkR1iNxTA
Y3kvd2ViYy9kZW1vLm1k,sF9VPerBWXjmTitq8jResg
Y3kvd2ViYy9pMThuLm1k,dl2XNRLYNLQ7gvV_XL21vg
Y3kvd2ViYy9qcy5tZA,lTkgP24Z9D-5etxi-wo8jg
Y3kvd2ViYy9zdHlsLm1k,gbMnvxNJF3Uj8LKtMils7g
Y4MzbCLE5V1D2_U2fK0yAw,30EMsC3KXdr1Mjv028o4Zw
YA_reYFp7jghfCDlHMynHg,dxCvsyWd8hrIz2vBhLHwcg
YEkfswJpxlk-7IvJk5RD4g,GfBGoUnNxzC4n5kPkTqWsQ
YFzqh5gKELfzSo9IuTjsCQ,kq7ECrszu4R6JgCBNMivkQ
YOqQbkHi4JhUQKLWlfkBPw,esRn8-5A_LFs9-3xmqWXpA
YWYvQUdFTlRTLm1k,wYxV8Wt7gQHMG36n88awpg
YWYvd2ViYy9TS0lMTC5tZA,QpeOlxmwzqD2Wz30rq1loA
YWYvd2ViYy9kYmcubWQ,kCju2PJV3qLwLCBVWjpqQQ
YWYvd2ViYy9kZW1vLm1k,6lohFYjASqoguIhUnElDMw
YWYvd2ViYy9pMThuLm1k,ansVM_S7wnSlMCxozMB1eA
YWYvd2ViYy9qcy5tZA,xvfYvPuZt2Fc83ZYrD8c-A
YWYvd2ViYy9zdHlsLm1k,j2JDtlkUMnhI0oc9rA0CiA
YXIvQUdFTlRTLm1k,MH1Kh6kbveopY1wLlV5iFA
YXIvd2ViYy9TS0lMTC5tZA,JmvGHVqPty4J8kbdiJUPTw
YXIvd2ViYy9kYmcubWQ,0C5RZvveTkJ7I1zz75D4-Q
YXIvd2ViYy9kZW1vLm1k,UXmGQKHAZulqX_ywiXvVTA
YXIvd2ViYy9pMThuLm1k,OEW9hNN4DV9GXpdC63ieTA
YXIvd2ViYy9qcy5tZA,v7LtXeyM5Wl4wRFHHVJmRw
YXIvd2ViYy9zdHlsLm1k,WKzNpQUdJ4LI0IFoxaHKDw
YXMvQUdFTlRTLm1k,HEMLsQI9VPZ-UX1RUe9iaQ
YXMvd2ViYy9TS0lMTC5tZA,cCG3OCTMEw482cn68rYHBg
YXMvd2ViYy9kYmcubWQ,zX9gw-sHYvaj5gwiN_aQwA
YXMvd2ViYy9kZW1vLm1k,ey-M__0BFHugBji-rRe8wA
YXMvd2ViYy9pMThuLm1k,ZiLajkZjsxAfHMLwmCdz_g
YXMvd2ViYy9qcy5tZA,nh-DGigSLn89LZZ4JD3zgw
YXMvd2ViYy9zdHlsLm1k,zO3vWLrMI6NO8qMYSqdRVw
YXovQUdFTlRTLm1k,q84LPi1vMorGntg9FiHjyQ
YXovd2ViYy9TS0lMTC5tZA,A-EXocaOZmsCl47wURTgyA
YXovd2ViYy9kYmcubWQ,q_aCHWsXJkMbdih8dmopXA
YXovd2ViYy9kZW1vLm1k,0hQ6GVMWGyBii6w7W5_djw
YXovd2ViYy9pMThuLm1k,O0wWCAqWQh6kXQLx3qqLFw
YXovd2ViYy9qcy5tZA,ObebspE84uwN-WZ-boerPQ
YXovd2ViYy9zdHlsLm1k,Axc_aCpslaUh2-JsFH8OJA
YYCd3iuceejbQMJPJAxmDg,2TFhKDrNZWFXR4fZ6FF0Vg
YYFyMWcxH1zF_CfekMaE6g,qZ-nOVuKx7xELxO5BQxqXQ
YghWdOiZ7fkwyVCobAIPVg,z5zVO0glzvE7gGr6AOtiOA
YkLgv702WjWCZgQCjjWbaQ,qDe-JbOnjNYgLKa1oCcUnA
Ym4vQUdFTlRTLm1k,2AQvAb9cV0h5ok7De6bDTQ
Ym4vd2ViYy9TS0lMTC5tZA,-PYYUw3DMomdBUIs7BN_Ug
Ym4vd2ViYy9kYmcubWQ,MphN2syPBrMoaFUEARhNQQ
Ym4vd2ViYy9kZW1vLm1k,AiVYta_hIJbCw_xjumxmUQ
Ym4vd2ViYy9pMThuLm1k,IYs31E-hbuz3N3ohmaaiKQ
Ym4vd2ViYy9qcy5tZA,1RN5xd1Wsh3IlvIMhDcPOw
Ym4vd2ViYy9zdHlsLm1k,5r3JC--qHNBwCav2hrLkmw
YmA9gy2bODqZmWddVatobA,exENk6X3saQ2oWLXKh09pw
YmUvQUdFTlRTLm1k,G7ngEirWmOc7o3img7fscA
YmUvd2ViYy9TS0lMTC5tZA,EM9wFkAqtLJ30zbWEZ68Xg
YmUvd2ViYy9kYmcubWQ,mcsqVO_evDyCtSELmYKi4g
YmUvd2ViYy9kZW1vLm1k,14Sv_0w5rE-Mrt6pNu9KYA
YmUvd2ViYy9pMThuLm1k,21e3Z9VvcZfr3xFYMEVGoA
YmUvd2ViYy9qcy5tZA,b6hTwlq44OXUb5cgjEU_jw
YmUvd2ViYy9zdHlsLm1k,RQ8TQ6NS5xp7btHyyDJ1xg
YmcvQUdFTlRTLm1k,UM8wZ9d7WJKy6PYcmIhxgQ
Ymcvd2ViYy9TS0lMTC5tZA,VJatD05wbS7tS7-lZG_eNg
Ymcvd2ViYy9kYmcubWQ,0vElWWUdL7L0yTHPc0DP6w
Ymcvd2ViYy9kZW1vLm1k,flZxjh44VoJpyzcHyd7aFg
Ymcvd2ViYy9pMThuLm1k,fsuuHwj1a3U9hCUlMKN5Hw
Ymcvd2ViYy9qcy5tZA,q17VnzteC1Li-icwANO0rg
Ymcvd2ViYy9zdHlsLm1k,bux37jKWOfJH_mIHOGsx6Q
YnMvQUdFTlRTLm1k,Wmh3edr_UfoMii2bBs9QtQ
YnMvd2ViYy9TS0lMTC5tZA,pRKJoTttBjCIQ8LzO_QzOA
YnMvd2ViYy9kYmcubWQ,rsE5_wzSSHXbZ2vszUasrA
YnMvd2ViYy9kZW1vLm1k,0WfiiIdBT_Ea-lkvWoACuQ
YnMvd2ViYy9pMThuLm1k,Lala5QNXASu94v_WIavfHA
YnMvd2ViYy9qcy5tZA,P9rjwb1jB68SMH4sAfKIrg
YnMvd2ViYy9zdHlsLm1k,p9LZfPQGEcDaMm2PBNeckQ
YyTHYWBIk3cr2s79LXM8OA,6iWse1cVFDBlYvX-5AwSYQ
Z2wvQUdFTlRTLm1k,6vc733qCJzlmAjTPOeQfQQ
Z2wvd2ViYy9TS0lMTC5tZA,Kt_Js-KXXbPjL9RRa6k5iA
Z2wvd2ViYy9kYmcubWQ,wjPLglADd56WygNA19YObQ
Z2wvd2ViYy9kZW1vLm1k,0Zmm8zWIpQ6mUQfmmdw4hA
Z2wvd2ViYy9pMThuLm1k,RqBVzDlKyAyo4kRFP8yCyQ
Z2wvd2ViYy9qcy5tZA,OjINyddp3P55-5u5F1pz7A
Z2wvd2ViYy9zdHlsLm1k,7F8k8rLwm1_33fQYK3t4MA
Z3UvQUdFTlRTLm1k,fxJ7zBlgfM0hBF7bF_h8mg
Z3Uvd2ViYy9TS0lMTC5tZA,0scLVo2Otg5D9qcvrzFapw
Z3Uvd2ViYy9kYmcubWQ,4qKdwPp-XXZgi9rn3ewGQA
Z3Uvd2ViYy9kZW1vLm1k,eXdJcQ4yEouRuILMqgm1_A
Z3Uvd2ViYy9pMThuLm1k,vkCSPjUvY4UIHlFV7atB4Q
Z3Uvd2ViYy9qcy5tZA,ndL4UifRPJX-3_MRL9ItCQ
Z3Uvd2ViYy9zdHlsLm1k,9XU-UBJPoRTe5XUM2Lws_g
ZEE_OXev8hcfKQF9Ghs2uA,tBzbn1Kq-C3_Mj_ZRqaQ3A
ZGEvQUdFTlRTLm1k,p93FeSObRMzY79YVaRgtcg
ZGEvd2ViYy9TS0lMTC5tZA,37UmDeiAnO6e0QFYERijNQ
ZGEvd2ViYy9kYmcubWQ,kdH-8QhQURgvTNH7lIKqFQ
ZGEvd2ViYy9kZW1vLm1k,jqmVO4P0CB-5O7NBJ93T4w
ZGEvd2ViYy9pMThuLm1k,4L5eZV2wk4blzcQBLGaYlQ
ZGEvd2ViYy9qcy5tZA,1hdajGGjZVsQFz_uEeg-Bw
ZGEvd2ViYy9zdHlsLm1k,iH01IdU0FbAyU7r-tGmT2w
ZGUvQUdFTlRTLm1k,o2tmxXq91RKv0jUEH6oCwA
ZGUvd2ViYy9TS0lMTC5tZA,LPdfQgOYfAA4DdxRVTnJ6w
ZGUvd2ViYy9kYmcubWQ,jbFTwfjw_JuDUPKKeDrrKw
ZGUvd2ViYy9kZW1vLm1k,t2s4a2lH8SEMB8MZjjrXCw
ZGUvd2ViYy9pMThuLm1k,G5TjwDb_yenUPAuT3E-VLQ
ZGUvd2ViYy9qcy5tZA,opq8WK3ujv2zHqZ9iST-rw
ZGUvd2ViYy9zdHlsLm1k,BpxPWtZ8r1RzboYK_aejKg
ZV2LyjxTVhbLpGt14fpqFw,fgfIqcP4sMg6L1TwYf-f8w
ZW4vQUdFTlRTLm1k,SOjn_6H6mquzQ_jkAzKO_A
ZW4vd2ViYy9TS0lMTC5tZA,dQt85Yv96p6nQ487LW4Bbg
ZW4vd2ViYy9kYmcubWQ,uSk8gldcHLD7CbalpT6KmA
ZW4vd2ViYy9kZW1vLm1k,646AlotkbltZsyHsitIUSw
ZW4vd2ViYy9pMThuLm1k,cqEslENIA6XSTqru_2dqvA
ZW4vd2ViYy9qcy5tZA,KCU0MyaprQWpQmiCRN4Z4w
ZW4vd2ViYy9zdHlsLm1k,SwR7_HYE9ZkVZ-hyzDiQbA
ZWvmIl7R2hu5Bdu8J8odZw,mb1kgZF-n3VlS4_H480qkA
ZWwvQUdFTlRTLm1k,8GzJSLld_Iae2hwzzvQ5tQ
ZWwvd2ViYy9TS0lMTC5tZA,TK6tsWs0OVe4-UiloDWOtA
ZWwvd2ViYy9kYmcubWQ,Caa_-Jg4g5fACpG-scCDug
ZWwvd2ViYy9kZW1vLm1k,KhrVTldz43ufZ6p0ZJegTg
ZWwvd2ViYy9pMThuLm1k,qxQYdXu1GBYDeXHktDWpdg
ZWwvd2ViYy9qcy5tZA,2ExXUcsyvqLAjZGhjl8dvA
ZWwvd2ViYy9zdHlsLm1k,2GlZq9CnGc5fGTkhOi63Pw
ZXMvQUdFTlRTLm1k,wrMLnAvgDpONLDncfHIaQg
ZXMvd2ViYy9TS0lMTC5tZA,REG2nsJiiu8RMtMoxByq4A
ZXMvd2ViYy9kYmcubWQ,l0-F5nccO7D73vqODmGoTA
ZXMvd2ViYy9kZW1vLm1k,9Bdn5-1dB6gu9_8orVvJjw
ZXMvd2ViYy9pMThuLm1k,SnK1tVFNqVzEK4m_k777YA
ZXMvd2ViYy9qcy5tZA,LIgTVcDBb1NUN9lsOHd9_g
ZXMvd2ViYy9zdHlsLm1k,X8EE32FZuFcAadMj8n8bXQ
ZXQvQUdFTlRTLm1k,lJuhIl38yq0NbAxVsqq52g
ZXQvd2ViYy9TS0lMTC5tZA,wxVyYlofN0Axo3LBbHh6cA
ZXQvd2ViYy9kYmcubWQ,ri7kD1QOMyb2lefizdwF7g
ZXQvd2ViYy9kZW1vLm1k,z0taTStKn7tZW2FtplX8ow
ZXQvd2ViYy9pMThuLm1k,oWIPB0-9NCvXQDTQjFCDCQ
ZXQvd2ViYy9qcy5tZA,mb0u_myKvsb48KXz4aJm3w
ZXQvd2ViYy9zdHlsLm1k,d1h7tMVv4IRiRecyCg6w2w
ZXUvQUdFTlRTLm1k,n4Cxb3lA7mpsruNxaDRpnA
ZXUvd2ViYy9TS0lMTC5tZA,8U98DzTz0q79H4tbZzqdZg
ZXUvd2ViYy9kYmcubWQ,p4Rxrdc3BWPdlpVO4L2_fA
ZXUvd2ViYy9kZW1vLm1k,XG9aS_CDVPvcA2DjKVvcMg
ZXUvd2ViYy9pMThuLm1k,Gdkv9cWRINPQrw5R402RSw
ZXUvd2ViYy9qcy5tZA,6a_PH6p28cSUuSGAOM7RWQ
ZXUvd2ViYy9zdHlsLm1k,siXbvOYdhrml_kkSPP4hAg
ZcWDY1m2BJtUcO8Rxb7gDA,uapW9TazPntZhXEtDtC5hA
ZdozRy-OtTkd4IhAcZj3GQ,pILTWSKgFsmEfTavwcFbiQ
ZmEvQUdFTlRTLm1k,6lh-KgvSiBnP9ma8hYJO9g
ZmEvd2ViYy9TS0lMTC5tZA,4utrFIT7uozIwSqSnYP_WQ
ZmEvd2ViYy9kYmcubWQ,pC95ppio47KRk6vsepctFw
ZmEvd2ViYy9kZW1vLm1k,v2wk0SgOqm8wX-yRwLa0Qw
ZmEvd2ViYy9pMThuLm1k,IGybRuX2HkiHy4NsWLzt5Q
ZmEvd2ViYy9qcy5tZA,6OiWb3sTjXWV6q-nPmUBIg
ZmEvd2ViYy9zdHlsLm1k,r8n9wzp19E6XdX8YLcgPzQ
ZmkvQUdFTlRTLm1k,49hx9DCBY84-Fj8U32pLQw
Zmkvd2ViYy9TS0lMTC5tZA,NdNxDcZlBPMzPZ-iWntIvQ
Zmkvd2ViYy9kYmcubWQ,Mkrz23y64JosE2_kt-zl4g
Zmkvd2ViYy9kZW1vLm1k,U8PZWVQbczWLlStUHj6FKA
Zmkvd2ViYy9pMThuLm1k,l1pK_r0OVfvSlPGk84x5gQ
Zmkvd2ViYy9qcy5tZA,FxOXh0JTIUB3a2b3B3ITug
Zmkvd2ViYy9zdHlsLm1k,Ttx7qSjhzTJ1-s59AmAYlg
ZmlsL0FHRU5UUy5tZA,JQkAzx_T8v4JWgoq1wzIeg
ZmlsL3dlYmMvZGJnLm1k,p6gtSd11C7n2Nw80D2pyag
ZmlsL3dlYmMvZGVtby5tZA,2pt6Bbg7p6SDjWZbMw_78g
ZmlsL3dlYmMvaTE4bi5tZA,V620ndprGbcVMBJa2Oc4pA
ZmlsL3dlYmMvanMubWQ,_QQjrnxrsydOo8W6KK5QmA
ZmlsL3dlYmMvc3R5bC5tZA,-C5ZMM6KVscJOHF0URhHxg
ZnIvQUdFTlRTLm1k,nrtkr9kYlOjNivNbCe_0xw
ZnIvd2ViYy9TS0lMTC5tZA,Be9RGFo2i1KP6lXsljbUsA
ZnIvd2ViYy9kYmcubWQ,MkrBWNlXI64RyUX35D7H4Q
ZnIvd2ViYy9kZW1vLm1k,tfxoaW87fDjcwg2j_pZf5A
ZnIvd2ViYy9pMThuLm1k,mMHRxZWKTmseZKZZ9UlkCg
ZnIvd2ViYy9qcy5tZA,k3Y6hDotxbKYOTtCFOonUg
ZnIvd2ViYy9zdHlsLm1k,9M4z7zNhoMkCS1I6geHNEQ
ZpCXx07wKaVWMDuBO-eGcQ,lNclLtiU3hASAYA-eqKhzA
ZrsiaGCmZQpYCtWIyhieEg,28GWVTAPDURwQKJAAJHpEg
_7ruVoq1xGBlKk61nKcY-w,wg7b-BAnmi-WTp7ohefZdw
_Ni0TusHR8sfGrk6rD_7hg,9dNNJ-Dj-MejRTafS0Hjdg
_XzmxTQX2FX9F1o6exBJvw,fu4gAofE61Za6iU0Jt8zBQ
_ZFDa2nTSBQ6rOFLRE94bw,sFYRO5jNiyaTtPYO-YZFNA
_amtXSrhaGDRu6RGdM0v7A,ZO5BJ-hWAodPGOk7r_muNw
_fRnnpcMhiCF50tVGZR8qA,l9rCJM156hOnrT5TG9CLcA
_hv_uP90B_fn4dnu2n64SA,GZIGZ-jPjSJe6KNh1gVRpA
_sErK1zmStYmquP0B4s-KA,Pos5g88wfCn47KGG7h2CVg
_vzz60PrvAgSPd3XyRilqw,Q05Vm8-KT8NWXi0GxM1nfQ
a-VtbufMAYd8RzD4MZbZwA,qaYNK834W9BRppgFoteAGg
a20vQUdFTlRTLm1k,hHpWkXrIdHfNdgGoLLyRGw
a20vd2ViYy9TS0lMTC5tZA,zHCd41ocbInRA3XTciR4Fg
a20vd2ViYy9kYmcubWQ,wtB9r46jus19Cqj1rcVnIQ
a20vd2ViYy9kZW1vLm1k,lR1h9Vj371YDja-Z8YlOJw
a20vd2ViYy9pMThuLm1k,aalzXTXfWwrZ5cGrwW8nYg
a20vd2ViYy9qcy5tZA,79zRiqGE_gZ_FQH35of-0g
a20vd2ViYy9zdHlsLm1k,i19mPZgvOrX7CI4DGhrBYw
a24vQUdFTlRTLm1k,xw4Ru25fK2vMjtvdaoSPjw
a24vd2ViYy9TS0lMTC5tZA,Nm2JQMmtsKxjLFdugpc3WQ
a24vd2ViYy9kYmcubWQ,xrflXKpWiPzs0s7MJJrprw
a24vd2ViYy9kZW1vLm1k,0slc6EVjJzZQ_POMn7vC_g
a24vd2ViYy9pMThuLm1k,krAZ2buAn6TKFCNLiRHzqQ
a24vd2ViYy9qcy5tZA,zdy5Avm-4gd7p5EuBGrACw
a24vd2ViYy9zdHlsLm1k,wRkw0EAfLGCmEwCJW0lE8Q
a28vQUdFTlRTLm1k,knaToB9j7gN5RxoNOf4cRw
a28vd2ViYy9TS0lMTC5tZA,iU3vCtWDfXBve0jV-H0yWw
a28vd2ViYy9kYmcubWQ,_zCFYogzmIS2vJVLfUa3HQ
a28vd2ViYy9kZW1vLm1k,T6vbOTp-oMsRE6ZmCWqM9Q
a28vd2ViYy9pMThuLm1k,A5GsMIjd5HCune0l7zcLEg
a28vd2ViYy9qcy5tZA,u8K2Q0a2N8Xa6IoL0FWvuQ
a28vd2ViYy9zdHlsLm1k,DAzofOV5rJh9imIIYvGOFA
a2EvQUdFTlRTLm1k,Z4T1XPUmSML4DUF2OmS20w
a2Evd2ViYy9TS0lMTC5tZA,Bq_ExRmygIjSRMh3iqBn3g
a2Evd2ViYy9kYmcubWQ,9LpEGodLNlbqEuxyvWICpw
a2Evd2ViYy9kZW1vLm1k,Yzc_Ty-ZErCDaTkOYnqCRw
a2Evd2ViYy9pMThuLm1k,KASeeqEzNQ4FxIcT6t1jXw
a2Evd2ViYy9qcy5tZA,cqZ_5G5eVO_d_OFhtWVigA
a2Evd2ViYy9zdHlsLm1k,1dznMgb4pJ0x8KGrfM7n6A
a2svQUdFTlRTLm1k,lhCvjSwLkZx_WBFw_SCnXw
a2svd2ViYy9TS0lMTC5tZA,e6tn9EbyuqWNe-3DdojxDQ
a2svd2ViYy9kYmcubWQ,7e08JEkrVjE_ebu8G9LzXw
a2svd2ViYy9kZW1vLm1k,zKjctTuB29nWxkETka1nyQ
a2svd2ViYy9pMThuLm1k,XgtPUrrWuiCEcY4Ie2Pedw
a2svd2ViYy9qcy5tZA,A_sEUeVGJmApMK0DjA5_TQ
a2svd2ViYy9zdHlsLm1k,JYCThoArxrBHYfFGcbg68A
a5DuBkVHBKGFJHLj4K1tRA,XPtKavmC6QEe0pVxSRsxeA
aGkvQUdFTlRTLm1k,Nj73forGojZSn3uo4oiMQw
aGkvd2ViYy9TS0lMTC5tZA,EQbEuEWY7gSYhCq9cDbM3g
aGkvd2ViYy9kYmcubWQ,DClhCu5a4nWSB7GOvbSjqQ
aGkvd2ViYy9kZW1vLm1k,9fStXWRHo-qT_SJk58tLrg
aGkvd2ViYy9pMThuLm1k,XfR-KPN3hOIofCxNSEfi1A
aGkvd2ViYy9qcy5tZA,6EVhFRXK4b-bN2TjdpOK7A
aGkvd2ViYy9zdHlsLm1k,wYbNbWG0Hgi2eKRqucYAmg
aHIvQUdFTlRTLm1k,RSNpczb-qgTmCjo6qQ0E7Q
aHIvd2ViYy9TS0lMTC5tZA,OZFkXpPHhGbEiw2eYOADrA
aHIvd2ViYy9kYmcubWQ,Gxke7EhmUR_f_4oVzmYI-Q
aHIvd2ViYy9kZW1vLm1k,ON0w6LydlkLeqPhyzR7I1A
aHIvd2ViYy9pMThuLm1k,pfRzxCNjaNUQdREQW-3nFg
aHIvd2ViYy9qcy5tZA,bT9cXQm_ev1PfiEKZGZTNQ
aHIvd2ViYy9zdHlsLm1k,jL-tJeRg6pLc8NEhepfHwQ
aHUvQUdFTlRTLm1k,AYPGBUrvPldRcsvwZq0BJw
aHUvd2ViYy9TS0lMTC5tZA,G63tz_HzY8ZaLYcasy0utg
aHUvd2ViYy9kYmcubWQ,okdwAAQAWroaVnLnQlSo1w
aHUvd2ViYy9kZW1vLm1k,O3tFmfJr8CEc-ISzwlseoQ
aHUvd2ViYy9pMThuLm1k,Lhk7zC3pqDayXZ7VGDAdjQ
aHUvd2ViYy9qcy5tZA,mKrAyFYdRpDA-2Le8ykeVw
aHUvd2ViYy9zdHlsLm1k,82lXGUksoQoTZrprsciY5A
aHkvQUdFTlRTLm1k,MiMpodCbI6Av9jZpokpYFg
aHkvd2ViYy9TS0lMTC5tZA,j_SHe-mHBM6nmNC1QC0NqQ
aHkvd2ViYy9kYmcubWQ,XdddMGATf7ConxpUwBiNZg
aHkvd2ViYy9kZW1vLm1k,NwigD_aKXzfg1y3qSY_x5A
aHkvd2ViYy9pMThuLm1k,fqPotTx2NQl5tUcmVvOngQ
aHkvd2ViYy9qcy5tZA,xDaVybloISiU29Xus6YLBQ
aHkvd2ViYy9zdHlsLm1k,79E6tfTt4tG3IS6CDCvocA
aI8jVmJAZO-AI_Zyj6xUlA,MUuoZYHBsGnUeRfDEYp_Kg
aNNxXRu5R0xPevJEWk7yfQ,ulNsYchLjZP87JBxVgYF8A
aRt4WkFLFfca2rJaP2DwTA,5hyEg6_il3k05cSC8jbxOg
aRuFv_gkNM7B35GFd92LDA,vMNhyG0G-IG9DCNHlkr7EA
aWQvQUdFTlRTLm1k,juo6yYNEJlUfSUVPnsJrsg
aWQvd2ViYy9TS0lMTC5tZA,ib609supk0xOjhkoSecDIg
aWQvd2ViYy9kYmcubWQ,bidRvpaDoi7QtIWc4v4eUA
aWQvd2ViYy9kZW1vLm1k,Gdl5IY4nLVSLkT6B-lj-4g
aWQvd2ViYy9pMThuLm1k,fnRRr-hzc59gnb-n9CY08A
aWQvd2ViYy9qcy5tZA,Nq60ZSlC263bwlpT_WciPA
aWQvd2ViYy9zdHlsLm1k,eYg6Hd9dWj84lfzRbZ8kiA
aXMvQUdFTlRTLm1k,23t6s2tL-vCF7JLjuPxq0A
aXMvd2ViYy9TS0lMTC5tZA,Si75KNbLoYN-QadDol04pA
aXMvd2ViYy9kYmcubWQ,sEvS6c7UwztSQrvpQi6-rQ
aXMvd2ViYy9kZW1vLm1k,g_Oh28t6Hl2U57WU2P3oFQ
aXMvd2ViYy9pMThuLm1k,7nCRKUx5iah8JvW9mBWwqQ
aXMvd2ViYy9qcy5tZA,lerBqCdaxCqNmoZyLwbq8w
aXMvd2ViYy9zdHlsLm1k,X76o_4ePKbuv0m3RM_ye-g
aXQvQUdFTlRTLm1k,2HUJ8cXs0ZIiUrPWTsPJ_A
aXQvd2ViYy9TS0lMTC5tZA,OyVyC-_DEixCK36Ox2l0ow
aXQvd2ViYy9kYmcubWQ,f1KSoQR29EDI8cjwZq9YUQ
aXQvd2ViYy9kZW1vLm1k,97veiiVZden-Rftz_UgvCg
aXQvd2ViYy9pMThuLm1k,MJaUTEKdcJm6zTvzVy1d3A
aXQvd2ViYy9qcy5tZA,NdYQcLeCP_17XQvJl6PIDQ
aXQvd2ViYy9zdHlsLm1k,19EfCjGqHrQ1-cOBOW9A9g
aXcrYT2Q6dfZC7IykTyUDw,-TYPCfGECMgEN65adhU0XA
aXcvQUdFTlRTLm1k,oU6bykAsA687XSe9mFwT3w
aXcvd2ViYy9TS0lMTC5tZA,Q7zP3PbYLgJV6Nx0ow9GLg
aXcvd2ViYy9kYmcubWQ,XeQ7l0Lgcm-uqzwq2tsKjQ
aXcvd2ViYy9kZW1vLm1k,kMQW-o8Byt18MHm4J_pOuw
aXcvd2ViYy9pMThuLm1k,YDUFI8_zGQWGFbQ3kDO9FA
aXcvd2ViYy9qcy5tZA,9Du63-SPAQ7Ur-Thd9CAvA
aXcvd2ViYy9zdHlsLm1k,ZcDq5k_5knkodFpwXMinPQ
aayX0JVjIgn6kFQaMK17hw,Dmf8CE-wxcrCfBjof-2Xug
amEvQUdFTlRTLm1k,EnIBU1HTER7oSphlOGnMTg
amEvd2ViYy9TS0lMTC5tZA,mYCjvcK-uouVSWnA7tOtSQ
amEvd2ViYy9kYmcubWQ,5Ikr28v1MgpHJz9PvMBdUg
amEvd2ViYy9kZW1vLm1k,XZ4RY6LSrNQqDcLvTymLNA
amEvd2ViYy9pMThuLm1k,8cWYloah9_qjCyXepGDURA
amEvd2ViYy9qcy5tZA,JA5ZFjpluijRtP3uSDxeAA
amEvd2ViYy9zdHlsLm1k,ftbqh6Qw2VB_DUY5m-Tsow
anYvQUdFTlRTLm1k,P17VL6P0PkLvWjg3C3ptqg
anYvd2ViYy9TS0lMTC5tZA,RqCuCsASbMiTrM_Qf2PnKA
anYvd2ViYy9kYmcubWQ,n3Q176qv4tisqG4drkVMuw
anYvd2ViYy9kZW1vLm1k,LOkgIKmR5McCz0RsqrJXxg
anYvd2ViYy9pMThuLm1k,asbCuKFlmM8mBCJINY4g-A
anYvd2ViYy9qcy5tZA,NdqXuJdbHce_mL0rPv390g
anYvd2ViYy9zdHlsLm1k,XBafFRXO3Tcpu9VYj2-cGQ
aoEpF9rXkOBokt_JedQPJw,i51m6oL2NKq_qEU4HTGBcA
b3IvQUdFTlRTLm1k,GHzVKNRVIO1C52sEvMxQ3g
b3Ivd2ViYy9TS0lMTC5tZA,z8rP4HWvtS7RdYa-T37mAQ
b3Ivd2ViYy9kYmcubWQ,CUcpe0cY_NxD9itjs5gYoQ
b3Ivd2ViYy9kZW1vLm1k,1FYAxMrQxtM_TuEhbqIzCg
b3Ivd2ViYy9pMThuLm1k,G9_c7uk9NYrZ7eG9N7nhqg
b3Ivd2ViYy9qcy5tZA,7MLw_BfxcBaGVTuFqWXx8Q
b3Ivd2ViYy9zdHlsLm1k,levABkRFncbaucAp2P1x7g
b8RHu1tfrBCKNUFMdytKzg,TlmulJlb09y6J_mVkkoduA
bG8vQUdFTlRTLm1k,3IdAGipQQf68eA6_ewIFHg
bG8vd2ViYy9TS0lMTC5tZA,c7crwmP4T18UGTuXc6VqWw
bG8vd2ViYy9kYmcubWQ,Yb7CR-fooK9-zs2tJbOlLA
bG8vd2ViYy9kZW1vLm1k,f_lWQSZ-BpHOSybWsv1pNg
bG8vd2ViYy9pMThuLm1k,6kJr0FUTWEvz6Dn0MnXNGg
bG8vd2ViYy9qcy5tZA,jnJnIASCnhQ5stcyl8jbtQ
bG8vd2ViYy9zdHlsLm1k,scpEaBWo2BdJRm5ErW8BkA
bGIvQUdFTlRTLm1k,nOn3LYAg01y_0BYIBSJ3hw
bGIvd2ViYy9TS0lMTC5tZA,jD0WU5d7UOdDT9CTrgJIiA
bGIvd2ViYy9kYmcubWQ,zCZ4LopiNvbrfzEEtdgluA
bGIvd2ViYy9kZW1vLm1k,ZGNhG2IDVmjOGVX3HSNqtQ
bGIvd2ViYy9pMThuLm1k,eymZas7xhKqaBUM6lhaKlg
bGIvd2ViYy9qcy5tZA,0lzeA6OyugqPYky88fz_cQ
bGIvd2ViYy9zdHlsLm1k,-9CwyR0bJo6_l6BiDTzH-Q
bHQvQUdFTlRTLm1k,CPOQt4sJdsHwYq1SWDI-ww
bHQvd2ViYy9TS0lMTC5tZA,3Cp4AKGifHNIuXE_dhYPAQ
bHQvd2ViYy9kYmcubWQ,wMWGzZrczDACzJliHo_BQw
bHQvd2ViYy9kZW1vLm1k,N8qabnxtG4mlsc-5zc5uzA
bHQvd2ViYy9pMThuLm1k,yPD-qZMpVLbeCYbLCUuaPw
bHQvd2ViYy9qcy5tZA,R-z5b2y9lP7FCQiKpQhaWg
bHQvd2ViYy9zdHlsLm1k,BD4OWQId-9R45Tl_T8irZQ
bHYvQUdFTlRTLm1k,0N85N9ohG6tXe05TTiMpXg
bHYvd2ViYy9TS0lMTC5tZA,rK59KFU06EC5jWUUXGntzw
bHYvd2ViYy9kYmcubWQ,JEJ2ghvFYH4hO2Vd52CZwQ
bHYvd2ViYy9kZW1vLm1k,af5FqiO34jrT4XniCV9r0g
bHYvd2ViYy9pMThuLm1k,ZtmvmZFCrtJLtnu4md5mhg
bHYvd2ViYy9qcy5tZA,LWhlT6UYLXWETtx1BgVMqA
bHYvd2ViYy9zdHlsLm1k,mgJhWEh5tHNf2Fc-9VFI2A
bWsvQUdFTlRTLm1k,YrhKKUHKp9pAbGKAOk2qcw
bWsvd2ViYy9TS0lMTC5tZA,oKLj4-JAt_qmRtDmZrRQXw
bWsvd2ViYy9kYmcubWQ,FgW_7JkH8wMsh5jXWCmhJA
bWsvd2ViYy9kZW1vLm1k,rUQ1NJ3L7Ns8gH6i2z876Q
bWsvd2ViYy9pMThuLm1k,oQrF8yjO6i3HgFIHVfqA2g
bWsvd2ViYy9qcy5tZA,c5kCvtDS5xC9SgBwMJ_DoA
bWsvd2ViYy9zdHlsLm1k,UXRbCaahGkGCZqqbfkdhEA
bXIvQUdFTlRTLm1k,0y0NL-UfcGkcpIB0oLcucQ
bXIvd2ViYy9TS0lMTC5tZA,bsv1a2KzSNRESbWwFiDuBw
bXIvd2ViYy9kYmcubWQ,MabJdnHzP6UBOXAL9YbKUA
bXIvd2ViYy9kZW1vLm1k,r0RLQjOVxEQncRdC-7iYuQ
bXIvd2ViYy9pMThuLm1k,5lCOZmlQQMG6NOI7UaqnZQ
bXIvd2ViYy9qcy5tZA,lV6pE8PYPMcXsgdMM74RwQ
bXIvd2ViYy9zdHlsLm1k,RBbt4xuQQkzZrDFQfqcpGg
bXMvQUdFTlRTLm1k,_7jvJ8uOJhd_dyVMhoCP-Q
bXMvd2ViYy9TS0lMTC5tZA,3KQ48-SRROVPT_XGN2chpA
bXMvd2ViYy9kYmcubWQ,QI0SzJLOlIRK1lFUhvWngA
bXMvd2ViYy9kZW1vLm1k,z2VtD7RFPiEfu1TMpuf4Zg
bXMvd2ViYy9pMThuLm1k,QldNyvHnGLjLknxjotftwg
bXMvd2ViYy9qcy5tZA,fE3k32kPYZsKsvXnx2r5qg
bXMvd2ViYy9zdHlsLm1k,2tTersSHqmlgFHByhF3FLQ
bXQvQUdFTlRTLm1k,ruB7S_KLIwqAL1ZfO44ZpQ
bXQvd2ViYy9TS0lMTC5tZA,NC8F2pUF71hCommJeTkAqQ
bXQvd2ViYy9kYmcubWQ,1SR8liFNAu7pUMzUfCcn_g
bXQvd2ViYy9kZW1vLm1k,98xMA6EmzpPBNdbIw4fTOg
bXQvd2ViYy9pMThuLm1k,bp1DNgkZv6-4E97cDKyNMQ
bXQvd2ViYy9qcy5tZA,GyYaXbshu2QMLtxr8-VRZw
bXQvd2ViYy9zdHlsLm1k,lmpQ4S7sbAurc76MGFZvvQ
bXkvQUdFTlRTLm1k,n2jbbNafNnICktuc67BOrQ
bXkvd2ViYy9TS0lMTC5tZA,UtrVK3ER-FEOySUIOyMLBQ
bXkvd2ViYy9kYmcubWQ,dUPXWakEOOmLMrp7DItmUw
bXkvd2ViYy9kZW1vLm1k,pU8cewuyG22lkg8Z9JesYQ
bXkvd2ViYy9pMThuLm1k,yrFd0p9D14aeI7qKaD90dw
bXkvd2ViYy9qcy5tZA,qESi-uo-9KCu8HdHeq9vHg
bXkvd2ViYy9zdHlsLm1k,Z_-sueFCDlbXN8yp-9EzZw
b_2OteVvLly2w-hlKOQc6w,Rfcv7NrdzvsdvkWIX0-aPQ
bm8vQUdFTlRTLm1k,wW6GuQ6oDjYtx8gl9sNQDA
bm8vd2ViYy9TS0lMTC5tZA,rqViMuUpUABRR9XhACiPfQ
bm8vd2ViYy9kYmcubWQ,oKXGSNGOFtXLiwEon3safQ
bm8vd2ViYy9kZW1vLm1k,pEjRRLTYDgUTKvNusWebQw
bm8vd2ViYy9pMThuLm1k,BCDsbKE71QGZvLfbZV9CAQ
bm8vd2ViYy9qcy5tZA,gAEg5f73mftONsFtSaDsiA
bm8vd2ViYy9zdHlsLm1k,5QgH8bhUvnKkGlvZXQly3A
bmUvQUdFTlRTLm1k,-GBVbC6tcIgRu4uc18Aatg
bmUvd2ViYy9TS0lMTC5tZA,UI9CL_fz7fw2YOAlniVQEg
bmUvd2ViYy9kYmcubWQ,VYkz3I4SYZxfR7f__333gQ
bmUvd2ViYy9kZW1vLm1k,dHCs8GMXanfVPUkrFJk96Q
bmUvd2ViYy9pMThuLm1k,auh9yK6wH0Oq63p_GCM5iw
bmUvd2ViYy9qcy5tZA,l3Qlt-T-VPS66-JmIH3nUQ
bmUvd2ViYy9zdHlsLm1k,CXENPXZBzO-LkGjY1x-gEQ
bmwvQUdFTlRTLm1k,SQFiRru53IDAgnimaKlT-g
bmwvd2ViYy9TS0lMTC5tZA,PxaD4O8DkdeJjOhGS18Fyw
bmwvd2ViYy9kYmcubWQ,lVDOYMVxTH_D_LP8OGQTuA
bmwvd2ViYy9kZW1vLm1k,17xp1QaecLsVjl2eHv7BKA
bmwvd2ViYy9pMThuLm1k,ZZsQDj6feFV_2iFDfhcESg
bmwvd2ViYy9qcy5tZA,iiKUfF2Y2pQcaRvHuznURA
bmwvd2ViYy9zdHlsLm1k,qpcPGxTjMlykeZc0qW8XKw
bqU0kvsdvcmDT7KWFu9Siw,QOyGQx0VWXsFxEgb2kJC6g
c2QvQUdFTlRTLm1k,ZLHrQXNjNa33HBQVkfbnxw
c2Qvd2ViYy9TS0lMTC5tZA,yifBvihu-_2jfWzFR3WSZQ
c2Qvd2ViYy9kYmcubWQ,Yp4wIWcu-N_PWzYxexjffw
c2Qvd2ViYy9kZW1vLm1k,tMX9D6cMZKn-IoDR1l2zmg
c2Qvd2ViYy9pMThuLm1k,w0Co9MrFXTE4Iequ1DF00g
c2Qvd2ViYy9qcy5tZA,uIaSk9Ay6Hj7bo_3BKJNFQ
c2Qvd2ViYy9zdHlsLm1k,BPthge8IazAL-nIg4BeiCw
c2kvQUdFTlRTLm1k,9AqqQckoxC2HIUmAMcwzxw
c2kvd2ViYy9TS0lMTC5tZA,b4YT-fgelREm4GC-c-2dLg
c2kvd2ViYy9kYmcubWQ,iKnTvwFs6Vx3HcyZEnYEhg
c2kvd2ViYy9kZW1vLm1k,S6R_JnZ4CUXxKrVjCGYn8A
c2kvd2ViYy9pMThuLm1k,owDyYtZ7KlmoRTiRsq5eyw
c2kvd2ViYy9qcy5tZA,vyCGbFy3gaL-RfPUa2CFCQ
c2kvd2ViYy9zdHlsLm1k,L8chbxFLcOKnaznc5bn2tA
c2svQUdFTlRTLm1k,RdjgHe34yFW3pYcVi8AAAw
c2svd2ViYy9TS0lMTC5tZA,lD88b6mp-3nx0dBUPzbQ4g
c2svd2ViYy9kYmcubWQ,3GOO-AZY3Zp-7WjfWhapPQ
c2svd2ViYy9kZW1vLm1k,BA1mTzE9QUcCeviKIoSmQA
c2svd2ViYy9pMThuLm1k,GSav__oYgITP92WyyREsBg
c2svd2ViYy9qcy5tZA,7o7WQlEMaKORZnwvYQs_sQ
c2svd2ViYy9zdHlsLm1k,eRLZMt-lbgPdrviD-Kv-0Q
c2wvQUdFTlRTLm1k,2Ry5xhLNA5IFK4LI7nbz6Q
c2wvd2ViYy9TS0lMTC5tZA,le0Fq1TL_12l4QqAIZHoew
c2wvd2ViYy9kYmcubWQ,6pFoPf0Ifb9PK4buYBHBJQ
c2wvd2ViYy9kZW1vLm1k,4x23WBQOEhB54tP95BDnCg
c2wvd2ViYy9pMThuLm1k,HpPbM6xuhOtiSQZBs1njTg
c2wvd2ViYy9qcy5tZA,gG7psEX53rhM6pgijiaSKA
c2wvd2ViYy9zdHlsLm1k,xo9hbGoCKD4AETIhIu0zlg
c3EvQUdFTlRTLm1k,3sGo0h_HgaXJRJ9-JrS7MQ
c3Evd2ViYy9TS0lMTC5tZA,97JgX2kgGu54WkZ-Stu8Ww
c3Evd2ViYy9kYmcubWQ,QxdGPDkX5OW17MtD35nyYA
c3Evd2ViYy9kZW1vLm1k,MBYOLyMQl-1lmgfL86xV_w
c3Evd2ViYy9pMThuLm1k,adsBrcnqRZQTV1gqgcCZ7g
c3Evd2ViYy9qcy5tZA,JuF0WjvsDm7aHGe0iaTLxg
c3Evd2ViYy9zdHlsLm1k,3dWmQG4sDaGDWc9cZHx_0g
c3IvQUdFTlRTLm1k,AD-tldASzqh5wdUHZNGv6Q
c3Ivd2ViYy9TS0lMTC5tZA,ia5Xei8LXee_0opBxh3-Ow
c3Ivd2ViYy9kYmcubWQ,Lgg2t6Movv-k73j7Drxznw
c3Ivd2ViYy9kZW1vLm1k,UuVDX11zTkUgf4EFAZZYWg
c3Ivd2ViYy9pMThuLm1k,iu4NWeEw_zkTqzBaNH83Aw
c3Ivd2ViYy9qcy5tZA,epYlXlhfoiJHCeinPi0NiA
c3Ivd2ViYy9zdHlsLm1k,soC14yVS-bWLK-VzMiavtQ
c3YvQUdFTlRTLm1k,ohiOek6uxS1VyezjMb8U_w
c3Yvd2ViYy9TS0lMTC5tZA,EnIZKft5GO6PhhLPDBjr-g
c3Yvd2ViYy9kYmcubWQ,hoO1eo9NSmhfCpVxYin26g
c3Yvd2ViYy9kZW1vLm1k,t0vDKrILcYgylCx0b7796A
c3Yvd2ViYy9pMThuLm1k,Zx8OQqqsPIWr4mn2cWkLhA
c3Yvd2ViYy9qcy5tZA,kJQvvJ5P7GIa-DjWUqCE1g
c3Yvd2ViYy9zdHlsLm1k,RlrH4xjomOq5BUvOueibfQ
c3cvQUdFTlRTLm1k,Bu135ilsfV2GeMU7e8yyTg
c3cvd2ViYy9TS0lMTC5tZA,EUt76WNPjhW89Cv74CpdZQ
c3cvd2ViYy9kYmcubWQ,5r7EJIamqDLjK5to6TdY9A
c3cvd2ViYy9kZW1vLm1k,Wj5zzt-uJp7qSKUpptThzg
c3cvd2ViYy9pMThuLm1k,kviWa8qkLRBRPl34o-ENLA
c3cvd2ViYy9qcy5tZA,fUmAQd-YT_zf368v5-uQ7w
c3cvd2ViYy9zdHlsLm1k,K09OqtzKG6v2L7wUECDkSQ
c8I2BpBnRY-TWa_ZCNjpNQ,DqB9V77oG1anSMIaU48HGw
cEPX6qqvwCZB0AcZoFIFkg,aOBVsi4kw2TnZL3xyVkWbA
cGwvQUdFTlRTLm1k,k-xH7OEuwYR332jpys7-dw
cGwvd2ViYy9TS0lMTC5tZA,7iDssgueVsqlTnKJlAoVEA
cGwvd2ViYy9kYmcubWQ,jbYFK5nG3zNKNiI2RpQN3Q
cGwvd2ViYy9kZW1vLm1k,RiU3WAv8wiZuF8HrrfyJMg
cGwvd2ViYy9pMThuLm1k,NflZS8Z8HJ1tDUkL-_Zq3w
cGwvd2ViYy9qcy5tZA,65Brx9LixaKR1I8TmsFslA
cGwvd2ViYy9zdHlsLm1k,3BUgjiyuFpbZpKqi-YNGmw
cHQvQUdFTlRTLm1k,jpcMexn2FIjuUSPWCV80hw
cHQvd2ViYy9TS0lMTC5tZA,ImYgtDvQU2wzPtuvAOE83w
cHQvd2ViYy9kYmcubWQ,yQtiq-VrjPpFUY41smuYdg
cHQvd2ViYy9kZW1vLm1k,vHmVBVoLss003feZirX-Rw
cHQvd2ViYy9pMThuLm1k,V0fwtlWuKifc44a1cBRWlQ
cHQvd2ViYy9qcy5tZA,PGsH5HXShvvgWDrMwLQmMg
cHQvd2ViYy9zdHlsLm1k,aKhmAWDWJiom0CQaHVYQDw
cHqC2VJ0TiHZP2FUF_-UoQ,cKIyUo9pDaGXSZqJm8JCdQ
cWBT-M1nhUrpzRvIZVeKaA,7kzq-YrtUCQf4F0VZKGH4w
cWVkSce9r_PBLmyyNWkU-g,z7P66vk4aofzA0jT3fE9wQ
c_npcLnhnwCOuQI0kqF3Kw,Lcng9R8K0_dfiTk2vC0Hgg
cjF5_iNTWqc9AP2hJU2ZDQ,pkAWrhSQJkoDVO1IVnG-Xg
ckRSmJkjV08xrZNOr9Pt4A,b8YbWBU5vPxj9XWR1He1_w
cm8vQUdFTlRTLm1k,oCMlTelp6WVuNJStPyuvqg
cm8vd2ViYy9TS0lMTC5tZA,tZDs5LPCbQfInmiiOWu4qg
cm8vd2ViYy9kYmcubWQ,UAozeC1qqo1ye5Q5u-4BIA
cm8vd2ViYy9kZW1vLm1k,GxTpJRLL9fgmGKoayP2VFg
cm8vd2ViYy9pMThuLm1k,397M51rVxQ_ARjWvBi_M2A
cm8vd2ViYy9qcy5tZA,u-v1idcaEM-nbbHWVAnA0A
cm8vd2ViYy9zdHlsLm1k,fAIH0fqvd3H7yoKmaXKTgw
cnUvQUdFTlRTLm1k,X_XzXjZqpfCbqinNXcoVbA
cnUvd2ViYy9TS0lMTC5tZA,d0y7g2bSWNAO-LQlfI8OJA
cnUvd2ViYy9kYmcubWQ,3PkmsYmm7123C64OfnrsDg
cnUvd2ViYy9kZW1vLm1k,KuVyJnrkE77WojfEu0b25g
cnUvd2ViYy9pMThuLm1k,H4kuz5sLZPC-SgOTnV5jhA
cnUvd2ViYy9qcy5tZA,1BJZV2Fq9d-w2yzkmFvj9w
cnUvd2ViYy9zdHlsLm1k,8eENF7wvlf5g_qODLtM80w
cqiO_6LLXZNBL1ARMSgSPw,oC4rh9IHff06DZwypkLFmA
ctCoFP9PpHon5CpuG88dNQ,ON2vWlIn9980fS2AVIZMFA
dGEvQUdFTlRTLm1k,6FDkG0yUP99Bc6UG6zgF0A
dGEvd2ViYy9TS0lMTC5tZA,nsXhU8r_phOcQUMxsiIEHg
dGEvd2ViYy9kYmcubWQ,6HtYzTad08P44dJRUiqDjA
dGEvd2ViYy9kZW1vLm1k,W4HtByuFZrppDVrMBICxUQ
dGEvd2ViYy9pMThuLm1k,CDUbwdhXkr-7w3wI3Q-OZg
dGEvd2ViYy9qcy5tZA,j3PqcCNvy4K2Se52o66c0A
dGEvd2ViYy9zdHlsLm1k,pCRgYSl-U7wzodG1fOvBTw
dGUvQUdFTlRTLm1k,yjKseI42_xnTxqP6i4QvJg
dGUvd2ViYy9TS0lMTC5tZA,-LmQaeXns9nmwIBI_0khhw
dGUvd2ViYy9kYmcubWQ,5MOb-RuxZGtRVhtOL1wDxg
dGUvd2ViYy9kZW1vLm1k,Y5E2YCt7S3Rk60mEq50vzg
dGUvd2ViYy9pMThuLm1k,Jkz-nks8qnF-Ofof8As0uQ
dGUvd2ViYy9qcy5tZA,upORLb3st_NsQDYiaAZhDA
dGUvd2ViYy9zdHlsLm1k,dWFh_a_QMo3oSVyAl4AfRA
dGgvQUdFTlRTLm1k,li4uiInUtPCvMu-6fugL2Q
dGgvd2ViYy9TS0lMTC5tZA,eq3LzUhNDBRc3dx6Xonf2g
dGgvd2ViYy9kYmcubWQ,tlfnn-KQDvh6ZvRP98c51Q
dGgvd2ViYy9kZW1vLm1k,3Tg4hsH8Oh19ZMVK3o3BZA
dGgvd2ViYy9pMThuLm1k,-4ldMoFqrO9WKsy_ofQ7fA
dGgvd2ViYy9qcy5tZA,fpteteSDWusWbEZNnMxssA
dGgvd2ViYy9zdHlsLm1k,kaQr9oBG6nlH2HcpROx6-g
dHIvQUdFTlRTLm1k,boWf15lbBX0iGjnCs2ZIEQ
dHIvd2ViYy9TS0lMTC5tZA,jYrin4vSZ6vZhMejnTe2tg
dHIvd2ViYy9kYmcubWQ,Y-QPlwMluSAvxAowUiEqGQ
dHIvd2ViYy9kZW1vLm1k,dReU4LPtv3ARP0Ch_vgtZg
dHIvd2ViYy9pMThuLm1k,ZXw1DkKBk5cOSX-VwQu4Jw
dHIvd2ViYy9qcy5tZA,8pTqdGEq09pD6gzo89GkvA
dHIvd2ViYy9zdHlsLm1k,JOcUqewfXx91I2CjaFH0zQ
dI8DHzxJW5wOrRW4CaMMsA,Tlhg3ki14_EzyCozSJ14JQ
dPjNGcwED2HrUAIUYtNW-g,gmu43xRR4aiNlQNMdl6_zQ
dQ6KVEY553bDCwVkuykpAA,S0FWs-YVZx8onQcGCxUWZA
dWsvQUdFTlRTLm1k,q05yBzLj0pv1PbTI2mllKg
dWsvd2ViYy9TS0lMTC5tZA,ajl4Kv5VQko4EMfF4e3GiA
dWsvd2ViYy9kYmcubWQ,E0Y14t3vmHmSMqV-S_bC0A
dWsvd2ViYy9kZW1vLm1k,76Etqa5V40tAedHy1YGoEw
dWsvd2ViYy9pMThuLm1k,AM9L3Df-sOGYu_mgvXBmjQ
dWsvd2ViYy9qcy5tZA,1TvbnJossHFtKBB2KBFyXQ
dWsvd2ViYy9zdHlsLm1k,NZXdjRRKap8EV75yrSmcGQ
dXIvQUdFTlRTLm1k,ugnOHSxzkrC33-37XRo9Qg
dXIvd2ViYy9TS0lMTC5tZA,CtD8JFot_Bl32lU1MakuHA
dXIvd2ViYy9kYmcubWQ,jS03Ca895fzLaPIQ-OYrkw
dXIvd2ViYy9kZW1vLm1k,FpIjwD-tRAAjlNRal3U1Xw
dXIvd2ViYy9pMThuLm1k,B-vPYQAWpwo92-Q1tKRxdg
dXIvd2ViYy9qcy5tZA,Z8WhTZoCQvzqYcCbruON9Q
dXIvd2ViYy9zdHlsLm1k,mI8b782yxDvDy83YBZ2iOg
dXovQUdFTlRTLm1k,tBfpcSZFkxfC8Kr2jm_v2A
dXovd2ViYy9TS0lMTC5tZA,tYio-XwSfPe3GtGUIomgtw
dXovd2ViYy9kYmcubWQ,EKKh5eiFhb4e1xJliXmccA
dXovd2ViYy9kZW1vLm1k,Kk3uryM54614vQiwJ4TUqg
dXovd2ViYy9pMThuLm1k,qnOY1HgELJvNcxdgt0FO9A
dXovd2ViYy9qcy5tZA,U5zlauzwva7A4r5ehFLl_w
dXovd2ViYy9zdHlsLm1k,k14lWrGVwU_sJgwdeZS0dw
d_9bEFF7PzEkbAiEqWKqog,S978-vkySRSQa-VeoXgCLA
djHI7ICn-KNfYsaGdlTozw,_zpxogNwcxH8i3KkkMOj1Q
dmkvQUdFTlRTLm1k,SEnv9xFabNE_F5RVOAuimA
dmkvd2ViYy9TS0lMTC5tZA,lC3UjWHFOJf4W9hobKjj5Q
dmkvd2ViYy9kYmcubWQ,nyuAN1UxLl22twBuB_PZHg
dmkvd2ViYy9kZW1vLm1k,9hxijasX2aPRCYiUxoMlHA
dmkvd2ViYy9pMThuLm1k,xjSf_RyGwS489CIqy0fDfQ
dmkvd2ViYy9qcy5tZA,8G1eXRwdrUosArP3bC1IVw
dmkvd2ViYy9zdHlsLm1k,K_6j18Fk8ET0J35oCsTPYw
dxMbCTIepRKsodWWaZUWTw,5un8zQEuXEaH0xac_1FcaQ
e-qkXP3YcbthD-xvXgsayw,EwyiHi74hkCNmD3823GIrg
e1UVmDfCmFGi7WoRCQiIYQ,xyZu5RKtNY9Clrlg8wXJOA
em6q2_r6O2ffS9rrwVPErw,oRg2CTtg-3kHMZeq439yQg
emgtVFcvQUdFTlRTLm1k,A4mlUBckqvZoGNHm5CwP2g
emgtVFcvd2ViYy9qcy5tZA,p4_zpfdITpofNrUFfdsqjw
emgvQUdFTlRTLm1k,iKsxL2ggVgZGjvnR-HJa0A
emgvd2ViYy9TS0lMTC5tZA,NKRXVh52pss4lXmzPFB5lw
emgvd2ViYy9kYmcubWQ,UFDA9HiSVKXGopbSHn4a8A
emgvd2ViYy9kZW1vLm1k,IGcscvqI1z9EBuQa-50CNA
emgvd2ViYy9pMThuLm1k,Fs_qkYwSZP3lF_EcGVERJA
emgvd2ViYy9qcy5tZA,RjHi1u9XQixa4vPyQSC3dA
emgvd2ViYy9zdHlsLm1k,CuNNLZ93fH9107oWFT0_Mw
era4TLF4cMQ5jXGNJy-4_Q,j-1ctsg8J7DT-Yg6_kPbxg
ewp3d0kyPUfPLmoK9deK4g,ZjiQO6O8b4KFW0vjTy9_ZQ
f4vPoZNDAfS8b2BiGRkKqw,aCUI1LcPnaByuTiUEiDeJA
fABmLTvXn7oTvwWw84TgRw,YKyY0NMifrBp9FOCezb_gQ
fBEY_mkoZWC2Vyt02E-sVQ,lIQKm8OPqlnreHunndx6hA
fHPe6aQ6MghwbrA_R5Wn2g,g6CqfwG9MEEb84_8QJocOw
fJ2v8zl8VOTx_Mv9cqJajg,dtl4zUi-sd2BWcaCsUv5aQ
frgJL9izZ-I1OLm27YNJZw,G1zEHbcN0fXk8_DgHQPB0Q
fwddib9CrNY5QroYgDffag,UnLO_x5ihf07_eCt78LyrA
gAjrff0jbnVFBxaF0ieo7g,v_L97D6Eh2gGoqvSlumS7A
gOSqlE5r-eXZ1hL7kiimeA,iz5fuBkEU0LyXet3LPpj_Q
gRbusJL0raNwKl-DfOcmUg,nxiqnAcVjbwE5pAkj3lZfA
gvWX4IWJ1EzWa6NXeO23QA,weYYOvaYAOqo_1NFLSfnJQ
h2RdTzZZqVIwCbQjhMt15Q,uiCR6-V6zgH_a8oGhxDbIA
hKL-ds4jzKNF0aFN9e2vdQ,iivxH9JlcEQjBPdRrZjlWg
hNzs9H9sbV4LCd2yb8132Q,sWvObijqvjvGQUzgghlOVA
hWZ6Yaikt_Hu5J32DcQWTQ,RIidaFJOyv9lQ1UDG3HrGw
hZZxO0jrHkImyB6IdqWp7Q,oq91ziOQ-4ZdmWfImgJ_6w
hndPFFP6jA9RAlHniiDQ8Q,EPHRzduJZ9dLdaBvCPZraQ
iB4oPqWZfFMev3JZelWhbw,LXjla-ViEPEavjnaJk1YTQ
iOWm6ZGwpCKHQ7OJl1dwRA,29mmlBOk7DWgTyzgIaF5ew
iWn8Br7-BJlcvgD6xLnjPg,6ABZm7YeAsLFIXJeFVe8aA
i_CKPpPtnytt8tjkd-7TwA,QR9G-8uEFVDUAQOjRDGV6Q
ii-AvezZdkLnkVDe8fREhw,EoM5v0IYWC6v7gcdOOSaWQ
ii4MkdlHmsLX6-9A2xzqmA,3hGKQZIBY5Oy_dEapl6CBg
ik9yYE6Q20RXony0gkwEkA,P7QsDLdE11eM93A62JmPPg
isCyQaI2GiKrznOKPZ-myA,5RQ2b1cf834byMOJJaVNEQ
j4qcWALmZWy2B-7pmJDhZQ,7dm27i_540iq6gAm5iyPLw
jHgfK6_9Rk6oSX1N1oBDyg,qsD_1TrWhOMxnGaRY_G_pw
jN7gQiLNbl3V0ogKY8k2Wg,v6YmiVVjyOCURUklzGs4ig
jbqwAQhpdsD0PqsrMbWloQ,JiNDgHOF4visgngPjnPnKw
jkzHHN_LLbiNbMa-a-KXWQ,MC_8sAbP287jxZycbhU7fg
jmTYM5McP_Y8K5SJh6cRPQ,EefzFbs-a3cUwgs3COOVLQ
jnEeXyDP2jBQAgxvr2MQnQ,hSciL3ZYtaRDwUmKmwZFoQ
jottbQyoybL87Z087M3z1g,Ad397Jg_9YoGfQeODGFNjQ
k9FYefSvw_ESlLwSJGRyMA,dLOCEk7VWiGqCrciroD2MA
kLnRyakg_LP32-NEx8NlRQ,NsVAwH6AOO81woX8mBTh8g
kVYFD2pOcmA0G8I5l56JiA,OQX-vAvyLmzTwDamqoE8xw
k_AB5BLp0v6wT97KsPezbQ,JCHUo84MEyBeYfcK-ztliQ
kdBTnr5xSSSl5XgkB7UgjQ,FlnRz3_oGPefDDmr8nbUAw
kec40l6L9hjF_8fdIXxgqg,N-FVvo8MQzd-AvMNOzv5Jg
kfYbA0EyF7hzxLbB3_FBSg,vaBOOEPOTu7g8aDXLxnO1g
l5xwDT6qSkfsXYw_IT29BQ,KyyRXQaTDsbNejZGjSn5sQ
l6YqE25xuQiA6CBOIQw2Cw,0T-MI05S_X6Ph5fLE7UUaw
l7qqAyrNZmwcglIxNBLCFA,_-QCkW99xz5ot9B89SQ8gg
lBsqIsKxaxXeBahSqBn-tA,-6zwSTNCYJLevAgJSpNpeg
lXuAjfuUbhuqPRmN-kjLQg,5o2vvRkBwGz32vhrnA18GQ
lfmIxBedeXdNh_oBY4OZdQ,VASjCLBgLDLyvD2E7g0gFg
loCnhzrcl3YOtGzXAvzWbQ,2XNd67EKCExccBOZe2StGQ
lvri1CWYHBp11gJBhAWPew,kv6wQyHKEfBW3kA4mXgqcA
mGpHSNIKnFA_GvjRRQMVCw,cxNIf2TLIUBPjWLHtBmloQ
mVZHJBcProdtqdjIhiUIQw,WNCSAuFvf_j_KZZFQu8hWw
mdKyhychotFEc3c2QW6VyA,G3_uwJaopZwPzcZjuL_j5A
ml58mEyLpbfEMm9OJCUPOA,2vvCaNhtEYTf-JxiK-AZfQ
n-dt_NkwQdeymtEMI6TLpA,RxaRgI0SMgsibTopGRrE-A
n8cjpycvp_klSEZP_4RU6Q,KFu7F6162APjNtZEdmH5kA
n8gaMxU2Tw1mzKgONYk5Bg,vzvcwZfRw0_dQnVGR0DHJQ
nSMDMpRi7JIuOIGdstXcVQ,0Zjqs49iOK0yeFifwWuosg
nZ1Ps5c4k2n_Ies570cu3g,4d6BAuljEYmUCV8jRC15Zg
npdg_tuybM4ZF3ZqqikGUA,3YAR8N2iRi3WjXxWIzTVEA
nrhjEomTed0b7EStxptc0Q,OtV1BGzBbeB6CXEs9vmQ4g
o-qNqvqBHdf_Nwbn7QPPYg,Fez5Y-xwho-LlgZeZ17Uqw
o9KE0JyV2n1Mu55HvKwELw,9d3CyuF66_0lkPtAT81MAg
oFIvoBL-KNfwyGNPTl-bQw,w_quxk2fbx2L8zFgYYE-bA
oKdFHkaKE4LdfLXCsmJBeg,SOMSjxwk7gLo_6UMdetojg
oSYEEza2JCjiD1XzUoI_UQ,bc5Q1_VBkE2TCHVlKQvnuw
oSrbcEVaunDxXM4XB-i5-Q,TcD91uTGILE69m1Ka9p15A
oT4wwSiWdPlOodT5hDkZLA,jY34xa3tI93JCRXE3cCIig
oY3loy9KTzrCevzQoaHpvg,_qpPk14LpM9sV77j31QwAA
p4YnEMr6Jtor56ctflZnPQ,1EEqTC4Z2Y0VjLRs7Zo4Zg
pEzd-Q5MDaA_VOPxo4rEcQ,B1acTVaxsqztLDob0oA5-Q
pInVYMoTsPy7tFCzOUMWwA,HpptE0Uedwg1Yq5Kul3vWA
pMUQ91hDtBwVhQlE0npj7w,J3Ffy_aCboBhP4KO_T1f9Q
pPhyMEgd3QOAE_Iuqa4MIA,8vnSv2KYQ2-7o2im_4EJrA
pmIe--e8N8GKSbswyOW0VQ,YAPUPdbMQwEgO2hVZaKeOg
pzqmnzctGjMO8VMSz6HLHw,incMVL9UcWsGL9k_FunZTQ
qHS2borNLme7yUbllpr-ew,FqwR5sScga1s5Zm6G5JfeA
qR5pkFqII97S1Ri-a4fzig,GalbL_SxO0WwK2i9q793gQ
qZa8PuD-ZscPNHMIGiE1zQ,HGt7UmGhrzhBIGFVQzsybQ
qcbjSPKStLROaTnJq2gZ0g,PIv8deLkFX6lVl4mTN7htg
qerJiMcoiCu2FGiRV3A3bg,I6Ac4q4Dfta5MRAI7fh1nw
qi4Im3PyUizByjkg6V_Tog,xzcZe5fatbnPjGS8HE0vYQ
r3GKt0LZHXZkjvtB8I89hw,UKWtGjgq9YQqAHrMSmmdWg
r693VCG810ul2p2IbSGCCg,QtueGbWZvvjvyuClgQeDQw
rFXMXsyG7jfLQR5GDld04Q,3fsAG2z-jTlXtHemyIj23A
rmNXE0zVQJ1i7l26FXGRzQ,61pLdsvgZSK1y8rsBP00tQ
rokGQ5FxmGqMh05pWoxOqA,eyNKjz38NBZbdPsWJMLNVQ
rs1c1Bkof-syinzUOXiFlw,iLc5_SE2RFSOMJjFuq-D0A
s3ghw2Q7Z3yuZREITqXJhg,ABqBZHARfwLKYXG5nnfXag
s8SuBW1wHMWl2nOjGnljtA,ZOOFyRA98pu02fwg9OroDQ
sQb-P9ZOeTp5bwKfdySEew,TFaDeqEFOh6K97RFI_mncQ
sTuZJOuxkQidl2sDYsGx5Q,WVEXfkEfkOVvJcvV4Mi9dQ
sZGhxH7zm_r11P2ynmuf6w,Th_wHg2SywTA38i9FsQPUg
sch7TJrIrfuzOE3dXnNoyw,6sl3rcyj00F8rU0L6DgW8g
ssSb0hH1i8HmyfP8x8CDIA,Qc1EnVA_YMxz6FrkKyAh9g
t59E_gVXR8SzWxSWwuCERg,GF20zau-32ReFIDP1-NGsw
tptcPlUEXjsKqX3EXJj6qg,Jxms6CFmvwhSsjQMqBT0Uw
tsC_GXrNkootaSEy6SCldw,gJhety-aZt1oAlmwKGgTCw
tycF0SiKO-F-7NGaftGDiA,Z68oo3TNCXQnBYDAuZND_g
u1934f2lFMPSwJ45tW4O-w,R4Qlacwo9pdNAKNO9obgcQ
u2zjouRzw_E8_dpS6B5xNQ,9m-VfQqILIyAQzoTDE3W7w
u9qF7oTJLZ0MKOf9sN9JeQ,VxHpcIPL6GEZZRbPD4tbsA
uGyAxlT3X75S5GmhFHVgFQ,QKnrO13HZJd_KWge0WCOKQ
uLxbDZJAFB7xPp9TS0UNbw,0m1U4q294k4kACJTIY6Meg
uTfhcqBB5ebxbGtJQ8RfNg,cmRdS0q1kqPkik4L-w5BJg
uUdB69e2pDFSxX-60dawuw,BSL6gycRfn_pUzgVz1ey3w
ugDvUUG5eKasZW6KSU90IA,wkwz6ZpK1YiT8u2GNrnw4g
uoeTBEBNUpq0Nwoi3fG5_Q,B0Cm6tmeMzZoFCiBqC-Smg
v1rowZ8usDTpftcJ2ouZiQ,YAdND6Q85HEwD_qKIHpnaQ
v2plWuoK9RaYQ1TBSejNCA,oEsrVdSluGCdsru4s1-Sgw
vLelrRlQFJZHf_Y-lhRceg,TUFnYMH32mDAKNCKpBSorA
vUcCB6wieCD4ZU2CHo9aDQ,WEMl3zoHITqWjyCM33SlWA
vWIR0dcOJYpdUwrw9DmBzQ,wfiGW2tS6AluxvKlfyCm8w
vo-O6SLkw6furpkoucJtEA,pBuTX0BhsZNT8yKKq0Gexw
vqmSafDQa5gIHOYRim1LNA,LN-CZnrANrENw-wgUUnaeA
w4l_wRMRE26tB21zG6s7yg,HmhhlMtuxlZYJYwFj_g86w
w7gJgtrzXLsOpt0kIgkkhw,iEtY3I-RkSUYawBGIFkI-g
wVsujVW4lOxqeSwc4--9ww,KcnTOsj9Iw1BNI7spwGzIg
wa_78cPRGS6uZ_bgM2NDeg,LNckyl5mHcaAk0JxCFiF8g
wiKr3YdaHmrirIwxSZ9WCA,Me1gi4R4rWjddI4T8zoxAw
wkdv40lvHtDkGfFzH3z6ig,6IbmS2NppQietdq9g1Xnew
wpSowNgdLSEB1eQXTc8urw,Cg3o6Ff8lWMhydMvRzH3gw
wvEbhdIp3_81z3NYK-9FPw,6XmA30l_DtkAAZ7ZQIVHOg
x1ZPiuf1qyksmHeqApQeTA,BCMKfAVQMJHqF0zQdTU6UQ
x31FquP6dUJVvQSy_MrANg,zcr5cIqZD9vgYHuuusS5tQ
xUrsruIVzV8gsUjgyRRUIQ,4xfVIGD2gr8b7slKYGT-0w
xZ7o8sU_OA6M9Qg2v_O7Aw,h7wV0yGyvVc0vXMBRIizjg
xeKyd3rlVGLk7ieES3uzsQ,5WhuWNjv3lLgvb5QXlWmHw
xfvJ3p-Bf1P6JsH_-2KCIg,8iILHCU7hV8-DeVIlotK1w
xoXWSXNs6n73xgvlIaTe5A,6zPVNafNuhS5-Bj8PmEolQ
xxjcD4uNV0VMXuD1JQcaHA,az2r-WQq62dkRLKFplXuWg
y4Nenx3nvjBKQVXAVnxElg,RT_K2P2JG4qelWIp_hiv3Q
yAjG_ter7F73Dd4DMsNOXg,valvmM7wC8skLHTCTJP41w
yPL7AMbUx0zKE9llXSAgbA,0FKjcuV-3sziyBoBu5LFZA
yT0zCLDnJSLxaoRmZmKRXw,1G9_EVAaG0dXJYbojsyPNA
yU-wG91QeKDTCtPQ9YEMVA,dUUcuMCRvq-HSY7lycDsoQ
yddZWzT1dzEZBh8LLj8FoQ,pHpMc2GDKHhjTDEOm8h0Vg
ymB5VhiQNS_KBfcV28Xytw,PZlE9tg6u4jz48yKryFLkg
yuNLqpddngVZUu2AgEAzwA,N_BxeBXQFcC5Gonqwgx7FA
yyrXOb0J1UmnXGGyF6_z4A,oBa8S-_Cq9YUavAw8gPsnA
z6QW51-jtUWAruUQOyUc_A,pjpD8V901leLKMAZtpT5rw
zC6sr3fBBrAITXlQWzGp4w,Q1QTpang1wb6Sh51v9d0eQ
zF8ZOb4ly0Ss6jJnTYcCSQ,2TfRt27xYhRYx4B-o73GLQ
zGU61Lr6Wdss6ce-IvKdlw,8VQ_rRGgsg92UbNOqx9wJg
zH8yZRrcK3l8fkgIqCTv_w,BsJCbbXf1ukLSkUDY0ol9g
zHDcx8VVX7pj74TZ4Uikcg,476O999GHYSM-BfprP7u9g
zUja63HKrMikVCQ65YJ2MA,HPXp7cANBJvo_Jg88WAapA
zVZsGppBJSBKrKFo5Nnu-Q,6Uw2CbkyNI7IXGP6p18neg
zWMMPvvKmB9QUkzJg2-SrQ,zwAholp7OGGmQBFPrFmbjQ
zelsm2ChJELT3ez8nUa-cw,fB51RYWHMJEy26to4_Hp2w
zkFS9QkPHdjqriurtzu1zA,RTXwZrryoIq3itgGYuIB1A
zm3CwxQ_e0JQz-wnvfHeQQ,1f3KIepiFh4O2qoxu0EaoQ
zwf6yVKLoCebnmvw7-5Rrw,HTnELXQWCE3vaQ50zyYmbw
zxNorVjaLt91Oy5SxBFK2Q,IodBH-bPDI0GZO3PoRdv8g