Y2EvanMueW1s,fqBe0s003_d6Ek36dWJFIw
Y2ViL2pzLnltbA,DiiwT-yPKExBIY43O_ETtA
Y3MvanMueW1s,W1p8zgr7wOKFpe5QO4-H7w
Y3kvanMueW1s,gdyq6Z0Q_-2haRWjuC0u8w
YWYvanMueW1s,0qSXeQsyKQNWpvohu5Kigw
YXIvanMueW1s,cm42uCON5KEXt0Kb6xdfJA
YXMvanMueW1s,UA_PxooLSBIIGJxcfq_SCg
YXovanMueW1s,naQtRe8ugRK6KCUGWOAyXw
Ym4vanMueW1s,nprVkta0Utvx6_TVIzTZ6w
YmUvanMueW1s,0KhvGSnbUlBr2YgzcJxA2Q
YmcvanMueW1s,vtCqlH2GGrLSVISkToCY1g
YnMvanMueW1s,PIYNXuY5YrxUHn_AnFZUDA
Z2wvanMueW1s,6_pxoVBOzlbPiVIpdRNTFQ
Z3UvanMueW1s,FU2SsYrsGZm8YjH_qfrBgg
ZGEvanMueW1s,uFwLoK-rsdz73UyBK6ygDA
ZGUvanMueW1s,r73azNVKNwsxjFzPGVwTAw
ZW4vanMueW1s,tEM3D6Hv7ZZhJkWht2Tx8A
ZWwvanMueW1s,l2ni0esK4htmRYmx6daD6g
ZXMvanMueW1s,idtLL13yn3bgJV1DEN_-7Q
ZXQvanMueW1s,HkbweKMRT3H3YUS2IV_Riw
ZXUvanMueW1s,KtYW9vFxWHHKfhM3J6iNGQ
ZmEvanMueW1s,pHkc4kkNZT1vLJH1Pjq3kQ
ZmkvanMueW1s,72bJBpOTm_wVo8VD-Fmuow
ZmlsL2pzLnltbA,NONprzWISTCCWpZZ0hsnYw
ZnIvanMueW1s,kxCwD75py5mBI3-je-pydA
a20vanMueW1s,TSWittod86rTpSrzINa-LA
a24vanMueW1s,2o6yUE1lVnQi565DHn__QQ
a28vanMueW1s,NlUiR2ycWldXkUihkRzEkA
a2EvanMueW1s,mP90wad6A2gOmSgIakmEag
a2svanMueW1s,z-08cskS_6JeqitWkKHSBg
aGkvanMueW1s,ClIwaXVJofip0e74GjI7fg
aHIvanMueW1s,yBRfQ-l88nMFtROH_x6vgg
aHUvanMueW1s,WrvAfXGdRFiPhZEGPn3w7w
aHkvanMueW1s,Slk345VYvS4Zy75XC13Gow
aWQvanMueW1s,9SbbyqKJTLnTxxQ_2f0T7Q
aXMvanMueW1s,gM8MtGKyel8acn0gmm4PFA
aXQvanMueW1s,bJNAPc1rYjI1exitey4e-Q
aXcvanMueW1s,uowzBhOngBO7ksNpibVlCg
amEvanMueW1s,nRybaKGjp9VM5HAozG8k_w
anYvanMueW1s,11IypvR78sxGr8DO-xkSaA
b3IvanMueW1s,cq52revfdmpf3p7mZEs6Kg
bG8vanMueW1s,lVvrfmAKihzvJ5mW59EkjA
bGIvanMueW1s,tektVYyMh8FDa0X8xX2p0Q
bHQvanMueW1s,JZoNFzP4Rv2jmQFNRG0rZQ
bHYvanMueW1s,YRs5vUBBT8FVeHiPolmdww
bWsvanMueW1s,tRtOSCa0_00hxydVmbf8QQ
bXIvanMueW1s,pISQwhlrNPSsXmFAsK-a-A
bXMvanMueW1s,pcDvOXhEWoBpAtgzmkiy6g
bXQvanMueW1s,A1E3VzGaRpOCfIzo-hMNYw
bXkvanMueW1s,D-arZ1rhWGCf4rnhgY9HQQ
bm8vanMueW1s,8GQ7fJQjnLPL9r1fJTSrig
bmUvanMueW1s,Gd8jsClAc74IBTyPg5ZRcw
bmwvanMueW1s,V01jJjHncJXA6c4dqxIbpA
c2QvanMueW1s,vlRanlSURv-wSGEiT09ysg
c2kvanMueW1s,GmHe2rWxrrkZ2zVPlGqgaw
c2svanMueW1s,gclsTQ9G8tvl2JkWWXQIfQ
c2wvanMueW1s,tf9LvtROl7OPJZekKYFSig
c3EvanMueW1s,F7O9BjMAMSOhOe4Iqqh06Q
c3IvanMueW1s,cC6CSe1SMvYRxi4gZ0U7qw
c3YvanMueW1s,Upk2ElrDvoG5zBVsRh-Ddw
c3cvanMueW1s,9zcYUcCqnGRGEsr9hH9Bqg
cGwvanMueW1s,xQS1lraR-n5uyABZ0Z1j_Q
cHQvanMueW1s,zQ5B19UQOlRaG_u7K13N1A
cm8vanMueW1s,4HDtMX925CRLk4aHZgma1Q
cnUvanMueW1s,_-tcKS6dqORLhF3ym0Be8Q
dGEvanMueW1s,MSqeml8-szrsxIgYrPvF9Q
dGUvanMueW1s,OobrX9NnPDxeMc5OEUpCyw
dGgvanMueW1s,C8lZCMxnk61gPhrXFHYfPQ
dHIvanMueW1s,hHts_eUZjMCCIkfpa8V4zA
dWsvanMueW1s,OARzY-HrPwoAFzqpVxyBCw
dXIvanMueW1s,OrCKh0ThCYaLypvRBETnag
dXovanMueW1s,H_NOlx-t1m3pFTpwYgc0PQ
dmkvanMueW1s,_39vX-yJeD_R20jDmOJZBA
emgtVFcvanMueW1s,xTZYkpMUbOr1E9e-Bajqfg
emgvanMueW1s,7cmrnyRbzanHQNX0Ks2ACQ