en/js.yml,1859
hi/js.yml,1859
fr/js.yml,1859
it/js.yml,1859
es/js.yml,1859
de/js.yml,1859
ko/js.yml,1859
ru/js.yml,1859
ja/js.yml,1859
ar/js.yml,1859
id/js.yml,1859
tr/js.yml,1859
nl/js.yml,1859
zh-TW/js.yml,1859
pl/js.yml,1859
no/js.yml,1859
vi/js.yml,1859
sv/js.yml,1859
ceb/js.yml,1859
th/js.yml,1859
bn/js.yml,1859
fa/js.yml,1859
mr/js.yml,1859
af/js.yml,1859
da/js.yml,1859
ro/js.yml,1859
ms/js.yml,1859
ur/js.yml,1859
cs/js.yml,1859
ta/js.yml,1859
kn/js.yml,1859
fi/js.yml,1859
pt/js.yml,1859
ca/js.yml,1859
gu/js.yml,1859
hu/js.yml,1859
el/js.yml,1859
kk/js.yml,1859
te/js.yml,1859
hr/js.yml,1859
sk/js.yml,1859
uk/js.yml,1859
cy/js.yml,1859
sw/js.yml,1859
eu/js.yml,1859
bg/js.yml,1859
lb/js.yml,1859
si/js.yml,1859
az/js.yml,1859
sr/js.yml,1859
or/js.yml,1859
be/js.yml,1859
gl/js.yml,1859
lt/js.yml,1859
sd/js.yml,1859
my/js.yml,1859
sl/js.yml,1859
et/js.yml,1859
lv/js.yml,1859
ne/js.yml,1859
as/js.yml,1859
hy/js.yml,1859
km/js.yml,1859
bs/js.yml,1859
ka/js.yml,1859
is/js.yml,1859
mk/js.yml,1859
lo/js.yml,1859
mt/js.yml,1859
iw/js.yml,1859
sq/js.yml,1859
fil/js.yml,1859
uz/js.yml,1859
jv/js.yml,1859