Y2EvanMueW1s,ZsSpvxOBPWXLWwD7Vcc6yQ
Y2EvcHVnLnltbA,zM-IxGiBvN48guU8h_aBIA
Y2ViL2pzLnltbA,SOb8AWnSQfKUle8MYGIh8Q
Y2ViL3B1Zy55bWw,gNVPl8DU_CULB4ShkFuk5A
Y3MvanMueW1s,zh3IGNjlvBSSgz_yXwP4Kw
Y3MvcHVnLnltbA,aCqYB-Wb_fknz2RHQq67oA
Y3kvanMueW1s,AezbjIdr-hQFj1tIoTvzWw
Y3kvcHVnLnltbA,1ZrN63tghs-_TRUaNN6C8A
YWYvanMueW1s,BBZrNyPJQ2d1USrcbaaETw
YWYvcHVnLnltbA,1ulB-ewPDgIzITwoF5pfUA
YXIvanMueW1s,B72-pCYst3lANe9FsFRfFA
YXIvcHVnLnltbA,GTvShckyTQejPaoTfWa1sA
YXMvanMueW1s,7HvYC5XdsTu3L7KMgPR2DQ
YXMvcHVnLnltbA,G4EM_i7NbGJ9elxy0BjOaw
YXovanMueW1s,kXnEDuxI7cyk6ilVn5nb2g
YXovcHVnLnltbA,tlnEasIFWk9JKmZKWCA_Bg
Ym4vanMueW1s,kIHkbbqlmBeTmfO2ciDKGw
Ym4vcHVnLnltbA,jJOWA_3WVMzN6PXx4cjXrQ
YmUvanMueW1s,FJUUrPstKvwO5YUjQgMnng
YmUvcHVnLnltbA,Z6B2WKWRykugd_UxHniXIg
YmcvanMueW1s,xE0xNEZj_phj2OicXvUXbw
YmcvcHVnLnltbA,9NiYOHHXYJKiM1y_GvO6sA
YnMvanMueW1s,WS2qR_cvf8_Xow113nRZnQ
YnMvcHVnLnltbA,3_T1KAZq4ac3iB_uY_1U4Q
Z2wvanMueW1s,Kn0-pUGJBhyovX2JVviWQw
Z2wvcHVnLnltbA,zW3o7A3MY_h68RSNERLLag
Z3UvanMueW1s,5isiB8y7guFdIsjwhQdjlQ
Z3UvcHVnLnltbA,kOmInj8mV15a7XZO_2cHOg
ZGEvanMueW1s,mp5kla42fH08qXH86bJLyg
ZGEvcHVnLnltbA,leTrY1ndX984T4A1zlj5Wg
ZGUvanMueW1s,JHJ0hZ4-FCsxADJRGVGTug
ZGUvcHVnLnltbA,d9YOtgB-EGQMzm67cajpCQ
ZW4vanMueW1s,Q6JZfmFGXATQih8lTn1h4g
ZW4vcHVnLnltbA,gNVPl8DU_CULB4ShkFuk5A
ZWwvanMueW1s,1h2JlsvKKDVZgUJMd3c_xA
ZWwvcHVnLnltbA,FBT8u__Aa1xP6f054712sQ
ZXMvanMueW1s,ZoRhL1PvuN2TEHfFj566-A
ZXMvcHVnLnltbA,JUKE_2QIug2i3YQMF0iWNw
ZXQvanMueW1s,Vc36USH4Nefc8RGrLvbRjA
ZXQvcHVnLnltbA,ZWTf6hEymVUOfJ0MAtf2UQ
ZXUvanMueW1s,vmmqYtTNIFJ_1v0CWATyog
ZXUvcHVnLnltbA,23zlNALgG7gySAl-p-cOAQ
ZmEvanMueW1s,ZTCGj6DeQl-qi8a-ohugew
ZmEvcHVnLnltbA,P7rsfUFXnXCaFVKGOZjEuw
ZmkvanMueW1s,LTt4YRFF20Z7JMWCWdGpTA
ZmkvcHVnLnltbA,e5UCj0TeWoPkZfEADp7ZEQ
ZmlsL2pzLnltbA,FTSbw41-uN7fcU1OQexAXQ
ZmlsL3B1Zy55bWw,COnT2mKVPeopdVsuzUpmlQ
ZnIvanMueW1s,l66lUUJ1XKBKuaULU36Nzg
ZnIvcHVnLnltbA,-UhZ3x6jikZoJOXCTioiAw
a20vanMueW1s,ktOlJR2L6xr7LoZxUhfhcQ
a20vcHVnLnltbA,pxNLbja9xfc3NTe-3apf1Q
a24vanMueW1s,4xft8kGkjoTi5-A3oKGAOQ
a24vcHVnLnltbA,R3sY9jMRn5CTh5U53mbegw
a28vanMueW1s,u-Q5AtXoEUIrUaVXnX1fFA
a28vcHVnLnltbA,cBZItI-cIGUORR8UwWnkhA
a2EvanMueW1s,Apvvpgvy3G8p3q-xnXS8rg
a2EvcHVnLnltbA,tJ--PtFcOctIBp91yaFXQw
a2svanMueW1s,vsZA9KnrOkDRCUb8JikCpA
a2svcHVnLnltbA,uw87xzip9TMuyYVDfMd0PA
aGkvanMueW1s,u7dqWY5XQPRLaNGqJ4zTGQ
aGkvcHVnLnltbA,w4kc8Te2PyODklhY4rms6g
aHIvanMueW1s,PHt-nAWCY-LGGrc-vsA20A
aHIvcHVnLnltbA,Cd4u9BGCj0zWTnApFbKf-g
aHUvanMueW1s,9qRUxlHIlfgg41PamyEFKQ
aHUvcHVnLnltbA,QtdRCHehIgoxWmPs6CMlig
aHkvanMueW1s,1s1MonQtPEr4cm6Iazbzdg
aHkvcHVnLnltbA,OuKehy_Z0jHUev0zIlAofA
aWQvanMueW1s,kyr91zOJmFa-zbnHRBUARw
aWQvcHVnLnltbA,fqqi_6WPJ7jOPekqbkubpw
aXMvanMueW1s,dT0Qcs45wdtHSjCvUyyeyw
aXMvcHVnLnltbA,qcElYihkOLN9o65M8UtrYw
aXQvanMueW1s,zrNMAp4kgZ7m2lcWkTPA2g
aXQvcHVnLnltbA,MHa5ZBJwyFkNUUDIocKo6w
aXcvanMueW1s,3eNOvxLI_ad6M5x-3fo-bw
aXcvcHVnLnltbA,RS5Gg8XXeC-GDKRf-zqhtg
amEvanMueW1s,nMqmCAWng2cmRxZk1s0s2w
amEvcHVnLnltbA,Q1ULnL7YTR3-O2FO0CGG-g
anYvanMueW1s,gpNH5H-IVETbwlCXRMvyZA
anYvcHVnLnltbA,Ilderv1qQhyM0EvowtgJFw
b3IvanMueW1s,1tvfjraZRNG4XfnduhJm6Q
b3IvcHVnLnltbA,de0TKwXxMPCT_pwv3cv13w
bG8vanMueW1s,Lv3D3dW-6F-J1mJACiovBQ
bG8vcHVnLnltbA,TcPtlj-PcfAmLxJOKxl0DA
bGIvanMueW1s,8u0dNJ-mLU216OlnIXRKeA
bGIvcHVnLnltbA,vUODrt_oyc9nKgIKCdSoJA
bHQvanMueW1s,RNOc-Mc0lklvwJp82VsmPg
bHQvcHVnLnltbA,QjhWYHlUOs8lbh45x2CqKw
bHYvanMueW1s,MqUWEJRUpsoZfMFWegvJXg
bHYvcHVnLnltbA,KTkZCBoOAxp5ERrwasphJw
bWsvanMueW1s,JLqfDchIaSjgjCgyLf9fdw
bWsvcHVnLnltbA,s-QQoC_sWbK9iNpmh0aNKA
bXIvanMueW1s,TGQRhkI29qh53BBqR8Whxw
bXIvcHVnLnltbA,nzrPtSaMhyupMHDXCqyZ5A
bXMvanMueW1s,EnPfggRYAe4nCSYMJCuSiQ
bXMvcHVnLnltbA,B7coL2XaCQOVvf2-ENlgSg
bXQvanMueW1s,_tpzpS5MMAvB1m5qPkiXMA
bXQvcHVnLnltbA,B3JZ7Epy463YUbbdB7ZVHQ
bXkvanMueW1s,rmX0xW3PTNCPbNiqqzwNbA
bXkvcHVnLnltbA,tktr9hltDw7fqyN46v1bQw
bm8vanMueW1s,X5AiZ7oT-c2pQWWzMrHeUQ
bm8vcHVnLnltbA,wwsth0eTGOFtLiEsDdRE2w
bmUvanMueW1s,u0NJSYwfAk3JzmmB7PFKWg
bmUvcHVnLnltbA,-0AOcsvALBdDwB0dFOPT3A
bmwvanMueW1s,vjEqG8z35ogiqwj3z1kV0g
bmwvcHVnLnltbA,FCY7Y-p-BLcUoGttKlG37A
c2QvanMueW1s,2hNfP__bcuFmkuGd1igIOQ
c2QvcHVnLnltbA,RnMj_YFNVMniCLCznE3hGg
c2kvanMueW1s,pdKKnkaWRUC8qW_jIGwOFA
c2kvcHVnLnltbA,M6n-V07By_7g7Cz27q1nSQ
c2svanMueW1s,CSwJdNCM8n3v1kCKk10rTw
c2svcHVnLnltbA,gAlk6vZXXmKkwtjTB9i49g
c2wvanMueW1s,d_xqe-ciH7d1KBv5x-ogaA
c2wvcHVnLnltbA,YWj8A-H8xPISfepR5986xw
c3EvanMueW1s,3Wzk_dCgk2ziTYoY6jU4Iw
c3EvcHVnLnltbA,yoF81o-Nr05oA7I9yngjug
c3IvanMueW1s,Pomb5K6Be_hhx68exOIU5g
c3IvcHVnLnltbA,LeRqKx0KrWhhCjeNqdxwmg
c3YvanMueW1s,VVgzkCOnRrvUFDTv7ImYOw
c3YvcHVnLnltbA,lW-BRF33jTWv_Jndswi1ow
c3cvanMueW1s,gYzSBbLMAyTV-5aR8RsAjw
c3cvcHVnLnltbA,jGmLoaCd4LYwqGbEmqpZpA
cGwvanMueW1s,atYuc3FdjnsU1ugZ_fbPmQ
cGwvcHVnLnltbA,XozcCCrEqnBl38HPan1P0w
cHQvanMueW1s,hd00GBnSSWgmyzU2FYZz9Q
cHQvcHVnLnltbA,J0VkDDlbF7xs6zdkNzsn5g
cm8vanMueW1s,yMPXzTvBOcLdgniJt7rFow
cm8vcHVnLnltbA,n6bqYs9ZfH8L0NXv06jDIw
cnUvanMueW1s,hnjux9_00-Jw8ULerFFa4g
cnUvcHVnLnltbA,HTDRCWwtQ07EPnWXjww6dA
dGEvanMueW1s,NfowOOPEdZlIRbpJnOJigQ
dGEvcHVnLnltbA,c8fMIfrii0storktcjgqPA
dGUvanMueW1s,cW1ntwB9hkwmVi2epipeKA
dGUvcHVnLnltbA,BxWaph8SnGsk5sTeB7GEAw
dGgvanMueW1s,PUW51c3QlzPUPiYBhJeR4w
dGgvcHVnLnltbA,WKmi37JJzqmMaWLxnOc17w
dHIvanMueW1s,Vcrb89rD9AuO8cnZdOylrg
dHIvcHVnLnltbA,N89byNnM-4V3N1bZEUrsbA
dWsvanMueW1s,TEKKV0hQssuyesNAq_ijbQ
dWsvcHVnLnltbA,B7qf7J5yZudQlYTqY1s2Yg
dXIvanMueW1s,l3Ah_Ix0pRJUOSPRbyBghg
dXIvcHVnLnltbA,cS5gilMP58eIaWYYwo0Igw
dXovanMueW1s,113sUA35Ik29CN2NWBK6Lg
dXovcHVnLnltbA,wsLB8pJyVbiJ7cdgbZqCjQ
dmkvanMueW1s,h-NyW4RNyjn-qcGGfHYtvQ
dmkvcHVnLnltbA,e_ziLYsNCHF9ofbLWcP-iA
emgtVFcvanMueW1s,J2s5HwLBnPr1WSbo5HS7IA
emgtVFcvcHVnLnltbA,26dpNnoJ-oFiK_Gq6Xhw_A
emgvanMueW1s,CX9j_CqC--VLUiojzRf3xQ
emgvcHVnLnltbA,70qrsQwACXy-flwQxPozww