de/pug.yml,1906
hi/pug.yml,1906
en/pug.yml,1906
fr/pug.yml,1906
it/pug.yml,1906
es/pug.yml,1906
ko/pug.yml,1906
ru/pug.yml,1906
id/pug.yml,1906
ja/pug.yml,1906
zh-TW/pug.yml,1906
ar/pug.yml,1906
nl/pug.yml,1906
th/pug.yml,1906
no/pug.yml,1906
pl/pug.yml,1906
bn/pug.yml,1906
fa/pug.yml,1906
sv/pug.yml,1906
ceb/pug.yml,1906
af/pug.yml,1906
mr/pug.yml,1906
ro/pug.yml,1906
vi/pug.yml,1906
pt/pug.yml,1906
ms/pug.yml,1906
ta/pug.yml,1906
cs/pug.yml,1906
da/pug.yml,1906
fi/pug.yml,1906
el/pug.yml,1906
ca/pug.yml,1906
kn/pug.yml,1906
tr/pug.yml,1906
uk/pug.yml,1906
te/pug.yml,1906
kk/pug.yml,1906
sk/pug.yml,1906
sw/pug.yml,1906
ur/pug.yml,1906
gu/pug.yml,1906
bg/pug.yml,1906
lb/pug.yml,1906
hr/pug.yml,1906
hu/pug.yml,1906
si/pug.yml,1906
cy/pug.yml,1906
az/pug.yml,1906
be/pug.yml,1906
lt/pug.yml,1906
my/pug.yml,1906
gl/pug.yml,1906
et/pug.yml,1906
sd/pug.yml,1906
or/pug.yml,1906
as/pug.yml,1906
km/pug.yml,1906
hy/pug.yml,1906
sr/pug.yml,1906
ka/pug.yml,1906
lo/pug.yml,1906
eu/pug.yml,1906
sl/pug.yml,1906
bs/pug.yml,1906
ne/pug.yml,1906
is/pug.yml,1906
lv/pug.yml,1906
mt/pug.yml,1906
iw/pug.yml,1906
sq/pug.yml,1906
fil/pug.yml,1906
uz/pug.yml,1906
mk/pug.yml,1906
jv/pug.yml,1906
en/js.yml,1922
it/js.yml,1922
hi/js.yml,1922
ja/js.yml,1922
ko/js.yml,1922
ru/js.yml,1922
tr/js.yml,1922
ar/js.yml,1922
pl/js.yml,1922
zh-TW/js.yml,1922
nl/js.yml,1922
id/js.yml,1922
no/js.yml,1922
de/js.yml,1922
bn/js.yml,1922
vi/js.yml,1922
fa/js.yml,1922
sv/js.yml,1922
th/js.yml,1922
fr/js.yml,1922
ceb/js.yml,1922
ro/js.yml,1922
cs/js.yml,1922
fi/js.yml,1922
mr/js.yml,1922
kn/js.yml,1922
ca/js.yml,1922
pt/js.yml,1922
ur/js.yml,1922
ms/js.yml,1922
hu/js.yml,1922
ta/js.yml,1922
uk/js.yml,1922
el/js.yml,1922
da/js.yml,1922
sk/js.yml,1922
kk/js.yml,1922
gu/js.yml,1922
hr/js.yml,1922
eu/js.yml,1922
sw/js.yml,1922
bg/js.yml,1922
te/js.yml,1922
si/js.yml,1922
lb/js.yml,1922
az/js.yml,1922
be/js.yml,1922
lt/js.yml,1922
or/js.yml,1922
sr/js.yml,1922
sl/js.yml,1922
sd/js.yml,1922
cy/js.yml,1922
et/js.yml,1922
hy/js.yml,1922
bs/js.yml,1922
af/js.yml,1922
my/js.yml,1922
as/js.yml,1922
mk/js.yml,1922
ka/js.yml,1922
gl/js.yml,1922
fil/js.yml,1922
lv/js.yml,1922
sq/js.yml,1922
iw/js.yml,1922
is/js.yml,1922
ne/js.yml,1922
jv/js.yml,1922
lo/js.yml,1922
uz/js.yml,1922
mt/js.yml,1922
es/js.yml,1922
km/js.yml,1922