Y2EvUkVBRE1FLm1k,TZz2mPS86oa2BhoMG3-g4g
Y2EvanMueW1s,pf2WzpNnIKYX1pjLayKPCg
Y2ViL1JFQURNRS5tZA,hnua9Jf3sDA9H1SoR_GFzA
Y2ViL2pzLnltbA,5vDErOYD_Deo5CRh9Bce8A
Y3MvUkVBRE1FLm1k,mW5IOZg0qBd-jFC_9KNS9w
Y3MvanMueW1s,zpAWDTjsmDKNuIVKihSX0w
Y3kvUkVBRE1FLm1k,X_zWj5YGSREOOnsgXwoNMg
Y3kvanMueW1s,eylwxNYSuNH_lskjEbrZ6Q
YWYvUkVBRE1FLm1k,tDHmoAlFs-nvF0FTlCZRFw
YWYvanMueW1s,LcfZfjmDQdPb2hCdcyDApQ
YXIvUkVBRE1FLm1k,pjF-Qv95O_5lrPIcIQO1qw
YXIvanMueW1s,Au84N7f30rekSyOpPj4ZRw
YXMvUkVBRE1FLm1k,ghV8-bWkATLFNnb5493o_Q
YXMvanMueW1s,4pL4j5L5HBfl1ajFQ7f7Ng
YXovUkVBRE1FLm1k,-TiM5sxebUVoTPekFvAGRw
YXovanMueW1s,xCn70px54N_ukL09DVaYgw
Ym4vUkVBRE1FLm1k,Rhmz7Jjlz--y8xU4pI9VhA
Ym4vanMueW1s,YxGwqa-npQqCtO_BiJ9NGQ
YmUvUkVBRE1FLm1k,86Q8wQQWXsrFxpTV06tUkQ
YmUvanMueW1s,526xmSxvpxqVVyc9nKk4Hw
YmcvUkVBRE1FLm1k,4rBOkpDwnTDqBTU4FeFNDQ
YmcvanMueW1s,SKLh66V_BI400Xg5B9L1cg
YnMvUkVBRE1FLm1k,_vxN2yiBaFXnJAd92mNA0A
YnMvanMueW1s,LWtP6Nzvvlh8uYjaJrFpSw
Z2wvUkVBRE1FLm1k,Wr_4hvoYGt8-tUupw76JkA
Z2wvanMueW1s,SzjUVb61fxWAFPI6SGaKNA
Z3UvUkVBRE1FLm1k,ulCgVSiWvr9xrr0kkwzpGQ
Z3UvanMueW1s,6H6uz0lorNoGgyuE2nR38w
ZGEvUkVBRE1FLm1k,CvZ6DCbd7X3Ob7Z-s4zyUw
ZGEvanMueW1s,C6YhT-DXSNlcwZRgxd0U-Q
ZGUvUkVBRE1FLm1k,0KDfnjBUwkl2KTHkIIMraA
ZGUvanMueW1s,ZG7RvnCgkUlFDrua_mxovw
ZW4vUkVBRE1FLm1k,2rRRfvbMgRyEmSDj3Id1Sg
ZW4vanMueW1s,yc5VuiCp7MPr1WDsBIDyIw
ZWwvUkVBRE1FLm1k,5UFLBi2SEj74ZEzxzozyMw
ZWwvanMueW1s,V_K99FTtVzfmL3OjvMmGZg
ZXMvUkVBRE1FLm1k,QA4m8noB7ltS4Cn-m0LZQA
ZXMvanMueW1s,hhdsj8-X2xXIRUeUrxEJaQ
ZXQvUkVBRE1FLm1k,WPEBpZnHldiEWq8k2nHigQ
ZXQvanMueW1s,AVnT4F7kUYLbV2NZ-2ga3A
ZXUvUkVBRE1FLm1k,mZttHl6fJyFssozHtkZCUQ
ZXUvanMueW1s,EjOVo-MgEmMmYlEJgHne2Q
ZmEvUkVBRE1FLm1k,KhvW8gFY4iQx1IonJAw8IQ
ZmEvanMueW1s,baXuLRzok_f0lzOjOK1Nbw
ZmkvUkVBRE1FLm1k,rxB-mqUtev5SOwQdwfa2fA
ZmkvanMueW1s,NXd2LyBke1enQlhGW6dFkg
ZmlsL1JFQURNRS5tZA,ui6GyxLlAoTDn1N7Y2vmhQ
ZmlsL2pzLnltbA,rvbdLjL3BADeU7TvkCi7Cg
ZnIvUkVBRE1FLm1k,HdP4BLq4UeM7z4b4NHnXRQ
ZnIvanMueW1s,7fl9o5ecVozt3UVbSbLFAg
a20vUkVBRE1FLm1k,d-vNED_GyMEm3-70Vuk3RA
a20vanMueW1s,bIOeUBui0e-9AUuoeWCd-g
a24vUkVBRE1FLm1k,k3jG4bOmghDGCb4c374FvQ
a24vanMueW1s,Tdojuxpqoqa7UfG8aSp3Kg
a28vUkVBRE1FLm1k,oHx7XxkBpCy3oBvuDHNyHA
a28vanMueW1s,dKnD2OvA9Oajm_vNf0BNLw
a2EvUkVBRE1FLm1k,f9y2EIXnIWmLu3YIeggK9g
a2EvanMueW1s,TaOJuWAZOvhvJAWbihcZ3Q
a2svUkVBRE1FLm1k,iT5sMIXBVKYimIa9WDwkDw
a2svanMueW1s,NY3OOeYY8e0q6w1_cqUCvQ
aGkvUkVBRE1FLm1k,WXFyWbQpCD0mUxfghoxYfA
aGkvanMueW1s,YaLYl2X0pw-zQ8bdOdKvUg
aHIvUkVBRE1FLm1k,6nxYS-9bMWSWhVZVm1tGWQ
aHIvanMueW1s,vlym3nxXUL7pw0m69gfQ9g
aHUvUkVBRE1FLm1k,cfhaYKZpqaBKSOcnUFWiXw
aHUvanMueW1s,Rmz1UDuByINzVDV5ct0E5g
aHkvUkVBRE1FLm1k,o1TZ9HeQjSR-9___geZUUA
aHkvanMueW1s,cgB2FKxAnszOlTOEAOZuzw
aWQvUkVBRE1FLm1k,BgniKb7VqXHWs6qq_JVQdA
aWQvanMueW1s,GFKY-zGYRXFLEmUgWEV0PA
aXMvUkVBRE1FLm1k,z9IixRq-6Wnvh82vAuJhjw
aXMvanMueW1s,N9SR2U8AoNHhlm7OXskzRg
aXQvUkVBRE1FLm1k,R16VUsB0SdPGTi1xWuKmGw
aXQvanMueW1s,gLwUB6XlQC2QsSRmCrJjTA
aXcvUkVBRE1FLm1k,yx7Ds-ot3TO4N5gUr1FXYQ
aXcvanMueW1s,VNCyap1Y3mjv-Avf4zOloQ
amEvUkVBRE1FLm1k,5L_oga_ENdZ5u5Jx783zXg
amEvanMueW1s,A0bPjTyX68DFOXBn3bhyGg
anYvUkVBRE1FLm1k,56p96xgY60XV5sXR2r3RAw
anYvanMueW1s,Vl_U-YaB2N0j8-c9CReW0w
b3IvUkVBRE1FLm1k,gJ-bwU4krj64VYK1QNe8bg
b3IvanMueW1s,0DGnhx8ZaPc1GS1ce_gJng
bG8vUkVBRE1FLm1k,djvxNsOdcfIKPTTRbi7d4A
bG8vanMueW1s,iZiQHJDg2VeTwBVFDypq2Q
bGIvUkVBRE1FLm1k,9is1SG4nbuFygRstALZBZA
bGIvanMueW1s,hBSBXwsk1z8J-YC13oF7SQ
bHQvUkVBRE1FLm1k,xGpi1yT8BxO1I8zBxpzPlA
bHQvanMueW1s,Jy8jFXe82wPTzls6dJ6jnQ
bHYvUkVBRE1FLm1k,Gn-xEvj0Z9pNQQ30PKFvmw
bHYvanMueW1s,YpiM90qLxw2HqooCyPR9DQ
bWsvUkVBRE1FLm1k,bwPJ7mC4Dr78SDKo3_sKwQ
bWsvanMueW1s,Qln-sU6RijH1pYakCgfFjw
bXIvUkVBRE1FLm1k,RLv9P-Tj_HYXTVnDDCp-4Q
bXIvanMueW1s,VCoX6FKvDiL1pMKA6RU9eA
bXMvUkVBRE1FLm1k,yCWewwJHe6CA8qrTuKyxSw
bXMvanMueW1s,GFKY-zGYRXFLEmUgWEV0PA
bXQvUkVBRE1FLm1k,z7dUT-ZarFyI7RZXWCoERQ
bXQvanMueW1s,YozkDDUZKZ5zT9oJe-xdYQ
bXkvUkVBRE1FLm1k,irC3OPoW0UuMVj8hr8UNZw
bXkvanMueW1s,IBksh0TJFCQKQZUGpj5Chw
bm8vUkVBRE1FLm1k,NnYZHCw-XIvHzZtRQhR46g
bm8vanMueW1s,CCgLQPkgpHKpYSdlXjDKFw
bmUvUkVBRE1FLm1k,hovJUceoSVCWJR6s1_2Iqw
bmUvanMueW1s,tqh-B3tadTsDyu-e4_N49A
bmwvUkVBRE1FLm1k,uobhdqB_f9iqkWiuew7EQQ
bmwvanMueW1s,OruOos05--ufCNBMqeIAnQ
c2QvUkVBRE1FLm1k,EAGc9gmjrdw-q-sphhKrXQ
c2QvanMueW1s,w7RErLixfNp0VAL4SvGpcw
c2kvUkVBRE1FLm1k,02HC9TBFY9_q8UDBFzygSA
c2kvanMueW1s,cguXhTj_2HPQx-ezKqTLEw
c2svUkVBRE1FLm1k,-H2yjf89PEJdJ-ItP2RhvA
c2svanMueW1s,RDZpHDVoaXFHBI5Sz_12FQ
c2wvUkVBRE1FLm1k,Vi9MX4LlHKFP7hRQM5DA2Q
c2wvanMueW1s,edZGVj9uStgn1Ljk27r-zw
c3EvUkVBRE1FLm1k,88hkgApb8RsFNb6BOcyp3A
c3EvanMueW1s,W8Ee3VmLi_03OBrSdvP7hQ
c3IvUkVBRE1FLm1k,guX3Nge7a0QTM2dVU1Yokg
c3IvanMueW1s,aYqExaDbRmz9je-_oPKAmw
c3YvUkVBRE1FLm1k,dT5J7b77TgKeBbEHW4RR-g
c3YvanMueW1s,gaPIHIbbrBgbLKtJMMIAUw
c3cvUkVBRE1FLm1k,VbayY1af1S_li_hO1PqHag
c3cvanMueW1s,TlL2qcbh-YrdRPy-AGNbtA
cGwvUkVBRE1FLm1k,cFweyTloWv-QdMkcPP2WPA
cGwvanMueW1s,X73_E3gl2q0oQNc39LxPcg
cHQvUkVBRE1FLm1k,bRzugOsruEZQMSOf4Lmv5A
cHQvanMueW1s,6Wlb_iSLlXpQa5MPeCZQ6A
cm8vUkVBRE1FLm1k,ZVCd3zfantBZ5qj-wrz5MQ
cm8vanMueW1s,mwbN_n-fq42rfIw2Gt7KoQ
cnUvUkVBRE1FLm1k,ns4J9tEJzvAUx6rBiCM1jw
cnUvanMueW1s,_Yr5TT6EdDEpi5bWIJQr9w
dGEvUkVBRE1FLm1k,lQMJiJqVz-ZIIOSobE_76g
dGEvanMueW1s,F2367elhUAqXB1_dMS4hgg
dGUvUkVBRE1FLm1k,-S_Riz4xYXmC28_rlZKNHQ
dGUvanMueW1s,j19qCIcv3c-Bdk4EBCoZSQ
dGgvUkVBRE1FLm1k,m9gzh7YH2G2JDYJ6AHo76A
dGgvanMueW1s,b7EnbJWW-tw-ecyWoKhyZw
dHIvUkVBRE1FLm1k,W3OglFwjJ5w2u-iahQCexQ
dHIvanMueW1s,ylWnDbXAHMENsSMfaJ3afg
dWsvUkVBRE1FLm1k,pOXrGSRx1RYvrWL8ovftBA
dWsvanMueW1s,aNOqtD7L81OAY4LR0WcxLw
dXIvUkVBRE1FLm1k,onimuuNj_p4JxbpOeB_5jg
dXIvanMueW1s,c0MdBFYr_SdGXBCXiwnGLg
dXovUkVBRE1FLm1k,29MubzuaQMloVErnflRkEA
dXovanMueW1s,8tOmBRxhYMBQGtdAzIAo1g
dmkvUkVBRE1FLm1k,rPuBV_foHvbbat9rbe04Iw
dmkvanMueW1s,oiGjS3dOBZvXrgfBwaB-0Q
emgtVFcvUkVBRE1FLm1k,2UPmOecRoi4o4kST2qcvTQ
emgtVFcvanMueW1s,WA3Pr74oIgln455hWGJKZg
emgvUkVBRE1FLm1k,ptUhw32bbVu-AlaXosiGxg
emgvanMueW1s,L1U1YZunUKNT497rX67-Og