de/README.md,1867
hi/README.md,1867
it/README.md,1867
en/README.md,1867
ja/README.md,1867
ko/README.md,1867
fr/README.md,1867
ru/README.md,1867
es/README.md,1867
ar/README.md,1867
id/README.md,1867
tr/README.md,1867
nl/README.md,1867
pl/README.md,1867
zh-TW/README.md,1867
sv/README.md,1867
no/README.md,1867
vi/README.md,1867
bn/README.md,1867
th/README.md,1867
ceb/README.md,1867
fa/README.md,1867
mr/README.md,1867
ms/README.md,1867
da/README.md,1867
af/README.md,1867
ro/README.md,1867
cs/README.md,1867
ur/README.md,1867
ta/README.md,1867
fi/README.md,1867
kn/README.md,1867
pt/README.md,1867
gu/README.md,1867
ca/README.md,1867
kk/README.md,1867
te/README.md,1867
uk/README.md,1867
el/README.md,1867
hu/README.md,1867
sw/README.md,1867
sk/README.md,1867
cy/README.md,1867
eu/README.md,1867
hr/README.md,1867
si/README.md,1867
bg/README.md,1867
lb/README.md,1867
az/README.md,1867
lt/README.md,1867
or/README.md,1867
be/README.md,1867
sr/README.md,1867
gl/README.md,1867
sd/README.md,1867
my/README.md,1867
sl/README.md,1867
et/README.md,1867
as/README.md,1867
ne/README.md,1867
lv/README.md,1867
km/README.md,1867
ka/README.md,1867
hy/README.md,1867
mk/README.md,1867
lo/README.md,1867
is/README.md,1867
bs/README.md,1867
sq/README.md,1867
mt/README.md,1867
fil/README.md,1867
jv/README.md,1867
iw/README.md,1867
uz/README.md,1867
de/js.yml,1866
it/js.yml,1866
ja/js.yml,1866
hi/js.yml,1866
en/js.yml,1866
ko/js.yml,1866
tr/js.yml,1866
ru/js.yml,1866
es/js.yml,1866
id/js.yml,1866
ar/js.yml,1866
nl/js.yml,1866
no/js.yml,1866
zh-TW/js.yml,1866
pl/js.yml,1866
fr/js.yml,1866
fa/js.yml,1866
th/js.yml,1866
sv/js.yml,1866
ceb/js.yml,1866
vi/js.yml,1866
bn/js.yml,1866
ms/js.yml,1866
ur/js.yml,1866
cs/js.yml,1866
af/js.yml,1866
da/js.yml,1866
mr/js.yml,1866
kn/js.yml,1866
ta/js.yml,1866
ro/js.yml,1866
fi/js.yml,1866
pt/js.yml,1866
hu/js.yml,1866
ca/js.yml,1866
gu/js.yml,1866
te/js.yml,1866
el/js.yml,1866
cy/js.yml,1866
uk/js.yml,1866
kk/js.yml,1866
sw/js.yml,1866
sk/js.yml,1866
eu/js.yml,1866
lb/js.yml,1866
lt/js.yml,1866
bg/js.yml,1866
gl/js.yml,1866
si/js.yml,1866
or/js.yml,1866
sr/js.yml,1866
az/js.yml,1866
sl/js.yml,1866
sd/js.yml,1866
be/js.yml,1866
my/js.yml,1866
hr/js.yml,1866
et/js.yml,1866
hy/js.yml,1866
bs/js.yml,1866
is/js.yml,1866
as/js.yml,1866
lo/js.yml,1866
km/js.yml,1866
ne/js.yml,1866
fil/js.yml,1866
uz/js.yml,1866
lv/js.yml,1866
mt/js.yml,1866
ka/js.yml,1866
mk/js.yml,1866
sq/js.yml,1866
jv/js.yml,1866
iw/js.yml,1866