Y2EvcHVnLnltbA,M5dqcuN2cpjxWjDHf_X0dQ
Y2ViL3B1Zy55bWw,qPV9oMhv9FZB3sQ-GWtQUQ
Y3MvcHVnLnltbA,J30e-WXrg4LokW5Ye2EnJA
Y3kvcHVnLnltbA,zX-xybQOODHHsXXE0LZ_gQ
YWYvcHVnLnltbA,7jTKZWwtVTMe4moAXl0QFQ
YXIvcHVnLnltbA,VQQ5MEXIpqvpHA3UKTU1UQ
YXMvcHVnLnltbA,e871tkEoPyEakw7rNCIQxw
YXovcHVnLnltbA,RZNOr281--RI6xkPwRYRlw
Ym4vcHVnLnltbA,Zmlr5sKuaPgwvtis6JC2PQ
YmUvcHVnLnltbA,t6iMTchaWwGUEgycJaTfRA
YmcvcHVnLnltbA,O8IipiJaJR1vScIEI_NUrw
YnMvcHVnLnltbA,Eb3HruTCYrAEQlWq-5aqqw
Z2wvcHVnLnltbA,45SGna6hDYxWTRVCNcKRxA
Z3UvcHVnLnltbA,Ojev0C6wKnGMjXE5pfPPfw
ZGEvcHVnLnltbA,85PS_-r7Db2C8aWaR6IERQ
ZGUvcHVnLnltbA,PcHxdZl_LCBCceKVecpHag
ZW4vcHVnLnltbA,cCzNMXqNqeAFFjfWF8ZOaQ
ZWwvcHVnLnltbA,7BWHBF2rT9kcP4z-tn-Urg
ZXMvcHVnLnltbA,K7lGZXYtgChVK1SCbHiAFw
ZXQvcHVnLnltbA,zzmEV9da8zryjkqNTWQW7A
ZXUvcHVnLnltbA,eQZ5kLgRniheLypWnp5LWg
ZmEvcHVnLnltbA,kdLf9NM_-j2EI_Q4Novklw
ZmkvcHVnLnltbA,LmKZ7rHUAD2Mm0svH8Tk0Q
ZmlsL3B1Zy55bWw,zgvpeI4UY3Qd1W3TIHBbgg
ZnIvcHVnLnltbA,aSvwLV4dVfyyFF8kthrazw
a20vcHVnLnltbA,PukA6roQo9it8styWgfUDw
a24vcHVnLnltbA,aVlF6aWhO2oPa3whqf7D4A
a28vcHVnLnltbA,NkJ_JVXOE6cUeH4rKuKikw
a2EvcHVnLnltbA,K06EHc5kisN1nU3Wn-4Scg
a2svcHVnLnltbA,8JEkzrkCAYrdTqp58UCviA
aGkvcHVnLnltbA,koDSEG5AXj__zMjh1hTsqA
aHIvcHVnLnltbA,Hqx2O6dNgW0H1yANWtop_A
aHUvcHVnLnltbA,2BTrgoUz4lq2IaiGmpdWPw
aHkvcHVnLnltbA,FJA_dFPx7bHrF-wJb5hGPA
aWQvcHVnLnltbA,SX_8fU5HrWF93m92XLJqAA
aXMvcHVnLnltbA,btDVq3fut_fxPleFCpQ4BA
aXQvcHVnLnltbA,phodSX-VPlxeRfMxfnnR1w
aXcvcHVnLnltbA,NkGKaZUneJaxSbhbaCmw_w
amEvcHVnLnltbA,FlG_O4-dC9ri2-5agT8PGA
anYvcHVnLnltbA,KQw5o4dzVHgtFJoUUAkxzA
b3IvcHVnLnltbA,oozi17SGZW2ovJqgzB7a0A
bG8vcHVnLnltbA,lUgYCLG7wnG2XqRe9lBhVA
bGIvcHVnLnltbA,niATdUDl7WP841YdRM7IcQ
bHQvcHVnLnltbA,n760J5j4w71av9C_lyOHqw
bHYvcHVnLnltbA,Wyz8_BOEXiXnl-qDy7X98A
bWsvcHVnLnltbA,ts9xteN_23fAsX-2qWZLnQ
bXIvcHVnLnltbA,sbZL7dtZ3ythGcMcnIOf-A
bXMvcHVnLnltbA,fhDUrepvATpIbG6jGk5GRQ
bXQvcHVnLnltbA,Beom5eveFOEDHLszITtxpA
bXkvcHVnLnltbA,ITShtHOV6LK9LfTCaicSSw
bm8vcHVnLnltbA,GZ3Zzyjo-Q7tpomgbQA35Q
bmUvcHVnLnltbA,ToCiyZQy3tzQWfd6gAPWRA
bmwvcHVnLnltbA,6Z2qEYvUN8TBEQ8xORFbow
c2QvcHVnLnltbA,2ytxY364UhXQ96xOG-WP2A
c2kvcHVnLnltbA,MaJPm0rpPdrgA6_78C7f1g
c2svcHVnLnltbA,PbGWQ8u86kQCpTuXgv1Kjw
c2wvcHVnLnltbA,DZ8uKQ9nKGozkskI44sNcw
c3EvcHVnLnltbA,2inWsFLZoxDs1ymRb_oXrg
c3IvcHVnLnltbA,VJlXZ_bYDhe17xWajR_wtA
c3YvcHVnLnltbA,0Pledv9S6HO_J7lNqOGhUg
c3cvcHVnLnltbA,S5KQvIXaLvsJ8cCL95rw8w
cGwvcHVnLnltbA,SkaJ8SO_RhPAq-FX7K2WSg
cHQvcHVnLnltbA,N5CetWXmRqWK1_58IqitGg
cm8vcHVnLnltbA,Xe5HbCgLXR5vAx63FnWyEQ
cnUvcHVnLnltbA,8enqmmFOPh0QbzBk5x-Hxw
dGEvcHVnLnltbA,QotvkAdwrhVayWRU0FNj7Q
dGUvcHVnLnltbA,40hHcZD-yiQUbDhIRDm15w
dGgvcHVnLnltbA,8vL2FdiIPdjLocT3eVcmOg
dHIvcHVnLnltbA,BmZc_84VibX7YSDZO_GMSg
dWsvcHVnLnltbA,Byy2R8SKV65DrgWiofi5ww
dXIvcHVnLnltbA,21Xak5-kjdSkdIUbUL4xqA
dXovcHVnLnltbA,6b_X_E1PaU8yJ9kLYtP4rQ
dmkvcHVnLnltbA,yrBBfk53L6a41LB0ghxIGA
emgtVFcvcHVnLnltbA,sW2AXtsI0hhFOTBBhdQ_rg
emgvcHVnLnltbA,nEB7DE4YfXpjznFtLmLkaQ