en/pug.yml,2197
de/pug.yml,2197
fr/pug.yml,2197
hi/pug.yml,2197
ja/pug.yml,2197
ko/pug.yml,2197
it/pug.yml,2197
ru/pug.yml,2197
es/pug.yml,2197
tr/pug.yml,2197
ar/pug.yml,2197
nl/pug.yml,2197
id/pug.yml,2197
pl/pug.yml,2197
no/pug.yml,2197
sv/pug.yml,2197
zh-TW/pug.yml,2197
bn/pug.yml,2197
th/pug.yml,2197
mr/pug.yml,2197
fa/pug.yml,2197
ceb/pug.yml,2197
ms/pug.yml,2197
vi/pug.yml,2197
af/pug.yml,2197
ur/pug.yml,2197
da/pug.yml,2197
fi/pug.yml,2197
ro/pug.yml,2197
pt/pug.yml,2197
cs/pug.yml,2197
gu/pug.yml,2197
ca/pug.yml,2197
ta/pug.yml,2197
el/pug.yml,2197
kk/pug.yml,2197
hu/pug.yml,2197
kn/pug.yml,2197
uk/pug.yml,2197
te/pug.yml,2197
sw/pug.yml,2197
sk/pug.yml,2197
hr/pug.yml,2197
cy/pug.yml,2197
bg/pug.yml,2197
lb/pug.yml,2197
si/pug.yml,2197
eu/pug.yml,2197
az/pug.yml,2197
lt/pug.yml,2197
be/pug.yml,2197
sd/pug.yml,2197
or/pug.yml,2197
sr/pug.yml,2197
gl/pug.yml,2197
my/pug.yml,2197
sl/pug.yml,2197
as/pug.yml,2197
et/pug.yml,2197
ne/pug.yml,2197
hy/pug.yml,2197
bs/pug.yml,2197
km/pug.yml,2197
lv/pug.yml,2197
ka/pug.yml,2197
is/pug.yml,2197
lo/pug.yml,2197
sq/pug.yml,2197
iw/pug.yml,2197
mk/pug.yml,2197
fil/pug.yml,2197
mt/pug.yml,2197
uz/pug.yml,2197
jv/pug.yml,2197