Y2EvUkVBRE1FLm1k,ffE7UuS2Obu3GQxcaIybMQ
Y2ViL1JFQURNRS5tZA,nI6IJGo5E902dfrcgpF5HA
Y3MvUkVBRE1FLm1k,Ngi-TbKhc71-S2VriZsBeA
Y3kvUkVBRE1FLm1k,Zlr8JFoQV5RXKECeuQNV8Q
YWYvUkVBRE1FLm1k,pa2OxwlsuoIvMwS97RylAg
YXIvUkVBRE1FLm1k,dVo1PI1wN2aKVVDG20tQOQ
YXMvUkVBRE1FLm1k,Jvsa0CoyokaHScxDRHi9ww
YXovUkVBRE1FLm1k,ZP_Qc4UP_V-hsUl4GveSiQ
Ym4vUkVBRE1FLm1k,L0cixltIwqm9gqv0Ftlvrg
YmUvUkVBRE1FLm1k,VIgyb19YE1sWfi0J4xd46w
YmcvUkVBRE1FLm1k,S-KuWbeqQO11HWLroCPG-A
YnMvUkVBRE1FLm1k,kBTBRxe8uRdLAw1_AAlHEQ
Z2wvUkVBRE1FLm1k,bfv8uaDPowviwYMNe8cGFg
Z3UvUkVBRE1FLm1k,kUQ8uGY074mnwAvBRXrBdQ
ZGEvUkVBRE1FLm1k,drAnKeLPdjRFxQpLbGP4Zg
ZGUvUkVBRE1FLm1k,BbHGd8hTW1jp4dTP5qwK3w
ZW4vUkVBRE1FLm1k,OktiXA0SQ30M7_Y9121Cvw
ZWwvUkVBRE1FLm1k,AoK7JdMYryZ0rBYi3IRCvA
ZXMvUkVBRE1FLm1k,BE-GSjpCYq4dnkLzl6oVlA
ZXQvUkVBRE1FLm1k,YgO5eTI_Yq9H5pGX0M5Thw
ZXUvUkVBRE1FLm1k,KoT6Ob4iFCXLnQ8DmQM5Ng
ZmEvUkVBRE1FLm1k,vHeh9ZSrPeOn4GeB6q1Ttg
ZmkvUkVBRE1FLm1k,WedakD26Sdofblmv-rhRfg
ZmlsL1JFQURNRS5tZA,txxb40qJI8UIPbORFJNTJg
ZnIvUkVBRE1FLm1k,G_BpnQFDoLHd8Ma_-oB_rQ
a20vUkVBRE1FLm1k,fHPDGD1eEar6i1_16_JBVQ
a24vUkVBRE1FLm1k,LIZ8MrklyAB4KjuwupH4sg
a28vUkVBRE1FLm1k,c_dhSWcNbojGbdtU0Sr5Lw
a2EvUkVBRE1FLm1k,1ACxn-BN_dnm4YXxpaTYyw
a2svUkVBRE1FLm1k,gULNI4hxggJ0UGnF8wrzJg
aGkvUkVBRE1FLm1k,x3j_92lSt68Tv3Pb7vreHw
aHIvUkVBRE1FLm1k,nN1LcsWQ8rlT73eKMjWoSQ
aHUvUkVBRE1FLm1k,-WZUw90AvjLYQn1_nuwM7g
aHkvUkVBRE1FLm1k,MW2dU9JeLrBXHE6Lx90dzw
aWQvUkVBRE1FLm1k,Ht7p9orpXya6eW2HaNIb0Q
aXMvUkVBRE1FLm1k,9gt79VPEDlMOn_CZWEVc6g
aXQvUkVBRE1FLm1k,8wP1H4U8lwLr_bLIIA2w1Q
aXcvUkVBRE1FLm1k,V0G-WDKRtzZd0OS8lKur-w
amEvUkVBRE1FLm1k,UaIsRO6tttJDKQAk6g8DkQ
anYvUkVBRE1FLm1k,1jW0BCZFcK4H8j84IkwmEg
b3IvUkVBRE1FLm1k,jG0EjyM-O3M0vM8JZH2uBQ
bG8vUkVBRE1FLm1k,3QI0N8d5E5pHlX2UxrZxPw
bGIvUkVBRE1FLm1k,e6G8NdpVB4iDk0Agz3WQcg
bHQvUkVBRE1FLm1k,2eYBLp5RMaohRxKo4cd1xA
bHYvUkVBRE1FLm1k,YMISPpD3V1_WChSaj9BgfQ
bWsvUkVBRE1FLm1k,9Kc8PCPtGqNOAfriINezhQ
bXIvUkVBRE1FLm1k,0PQepC5RV3lAvOnhT_lmDA
bXMvUkVBRE1FLm1k,nYUSzR-3ScS-tJuIcSufgw
bXQvUkVBRE1FLm1k,pOSHMMbT-PARSryJ_Pi9Dg
bXkvUkVBRE1FLm1k,vWsyH9Vn7HnYEV4OerrPPA
bm8vUkVBRE1FLm1k,REogal8adT6TWFzA17Jgpg
bmUvUkVBRE1FLm1k,WxRqok3n_S4wZoiBwhZY1A
bmwvUkVBRE1FLm1k,M6PTAlZ_Z1-6lbhSpxgUxg
c2QvUkVBRE1FLm1k,N1M0l-NSguylnnLKfqCSPg
c2kvUkVBRE1FLm1k,O47YoVoQBnjzM_MiJ1CSPw
c2svUkVBRE1FLm1k,TPUGkNRJqWa2KW9dpY-x6Q
c2wvUkVBRE1FLm1k,Lal8t3duEvs0TUtMDIWJvA
c3EvUkVBRE1FLm1k,mqUNQTj5GFWWMD3aLu7Eeg
c3IvUkVBRE1FLm1k,cl4NN2TRWkZnjGSLUcw60A
c3YvUkVBRE1FLm1k,eOi4JfBvREulwhqCmGiHkA
c3cvUkVBRE1FLm1k,grTMu7IvDOvLuvrUj2cwyg
cGwvUkVBRE1FLm1k,99pT-WKaEe3OBEuMqq5O1g
cHQvUkVBRE1FLm1k,Sl6AeMNUoZp9d1S7J_kh8g
cm8vUkVBRE1FLm1k,QALM1cxYPqfG8QIJP6f80w
cnUvUkVBRE1FLm1k,iQODRWRXVmG28bSc6ejmiA
dGEvUkVBRE1FLm1k,ZFiw8bxDgHcKzkwnvhSaZA
dGUvUkVBRE1FLm1k,akHWfooJ9FtKXXYah8H04Q
dGgvUkVBRE1FLm1k,PBZ7vfDAbtofk4ZXcCURIA
dHIvUkVBRE1FLm1k,9oqv5z8ETNiFSru1_IB3yg
dWsvUkVBRE1FLm1k,sj0BAzvI5sjHJeC4rf-B0g
dXIvUkVBRE1FLm1k,UGcs1AiwFBby0b-2CKJXGA
dXovUkVBRE1FLm1k,22wWYR8AlzFO2V0zmsTwVQ
dmkvUkVBRE1FLm1k,tI2mou3Vo-bzeBKcJvUn9w
emgtVFcvUkVBRE1FLm1k,MRSeRpvARY4BM86FG30nxA
emgvUkVBRE1FLm1k,B5koyHekr19Xx34ZjvWI4g