Y2EvUkVBRE1FLm1k,d36fUKBULOVyXOBJaLu6Bw
Y2ViL1JFQURNRS5tZA,oX3AUxEGClTU0X33LRvyhw
Y3MvUkVBRE1FLm1k,MZZNBo8lRwYj5yGdJjvGgg
Y3kvUkVBRE1FLm1k,mvHVMHbkhoslIuJA5TXTsQ
YWYvUkVBRE1FLm1k,jwV_ceuJTF6T2lrN0BSzgg
YXIvUkVBRE1FLm1k,sL2ia8zYxWzQc8OZp0p8LA
YXMvUkVBRE1FLm1k,f4gX__GhyJyXBuzFUivSRQ
YXovUkVBRE1FLm1k,DTBqpDGKIz1-hnl_mvVfWA
Ym4vUkVBRE1FLm1k,6XQD9CulRFX9wziyku8J6g
YmUvUkVBRE1FLm1k,cQ932ebLUPLP0vv3-LVwzQ
YmcvUkVBRE1FLm1k,EfJBVCY8u199dYe_z3WcSA
YnMvUkVBRE1FLm1k,IZNWx1W7JapBsvMLyq1WiQ
Z2wvUkVBRE1FLm1k,VkqGzjzO3XbcXrfXWtzxEw
Z3UvUkVBRE1FLm1k,_pnLEEZVgaIMmpoqVBbS-w
ZGEvUkVBRE1FLm1k,k9RTyHp6gNez-TH9R44bTA
ZGUvUkVBRE1FLm1k,sqLLfl83-B_V81mYFcPBiA
ZW4vUkVBRE1FLm1k,pGzACvXSAzX13TDvPbq1VA
ZWwvUkVBRE1FLm1k,PSdBFAP4kkRKSWJIEzsILA
ZXMvUkVBRE1FLm1k,3vHAxF2avgCrAPDWXQEOrA
ZXQvUkVBRE1FLm1k,Vc6mHLhsJQVk45_y2dklIw
ZXUvUkVBRE1FLm1k,GcvlP2ETAopQELUrosXpoQ
ZmEvUkVBRE1FLm1k,IR8HLWz_vyY5VjAVXsEiAw
ZmkvUkVBRE1FLm1k,mjCMhpU6l_tclEPmh0fagg
ZmlsL1JFQURNRS5tZA,GglXf52Vn-KjMSvjfdK-9Q
ZnIvUkVBRE1FLm1k,NcVSb4K5af_aya8bGk68Cg
a20vUkVBRE1FLm1k,TtSHui5mHtoSq8gcfVeiVg
a24vUkVBRE1FLm1k,p_nqT7wxYwwyLC9CxpeVsg
a28vUkVBRE1FLm1k,EGLFFlN6v2OaaX1YaalXVw
a2EvUkVBRE1FLm1k,pT40nvQn4U13i7XgkcZ_kg
a2svUkVBRE1FLm1k,0wAwZAl0HDmsgIWlCVtmnw
aGkvUkVBRE1FLm1k,PPm-blOQUKZ3-UFADeA9ZQ
aHIvUkVBRE1FLm1k,RXZYu5A3d4jLwwkSGDysJg
aHUvUkVBRE1FLm1k,tMP0UBbhmQBYVzMDAgS1BA
aHkvUkVBRE1FLm1k,rea9pwxDwXNIOmglRhdHiQ
aWQvUkVBRE1FLm1k,p-37HSavsjMHo1NjM7dg8Q
aXMvUkVBRE1FLm1k,TWtDw9QohIUzm1CevLF-gw
aXQvUkVBRE1FLm1k,-kxO5uVr7p2Z7l8OETyyEw
aXcvUkVBRE1FLm1k,saHeRc3ZF3K8IE74QTPF9A
amEvUkVBRE1FLm1k,iiSd8w1-VzweocFdHiFyqg
anYvUkVBRE1FLm1k,nvKTeroOXAKRBYN0rqisoA
b3IvUkVBRE1FLm1k,hrvcu52JuiKJXWkbE9-2bw
bG8vUkVBRE1FLm1k,jiSJEM78ZC9muKv6aZYD0Q
bGIvUkVBRE1FLm1k,lovFtQHhWgSjYAUABLw0rQ
bHQvUkVBRE1FLm1k,T8F0ubvBn9ShGAZdlJaMdA
bHYvUkVBRE1FLm1k,ijSBJab5cxnlLY_ASpEIOQ
bWsvUkVBRE1FLm1k,COC4PTa69s75Mg47zvWWmg
bXIvUkVBRE1FLm1k,M6J41584xHvqGBy_FMMp0w
bXMvUkVBRE1FLm1k,nr5LzRAq0AlvqE1Vc9U_CA
bXQvUkVBRE1FLm1k,blrYqcpWiV4R6VwDoKcfFw
bXkvUkVBRE1FLm1k,ejyC_R_5ZmntR78yYoKyTA
bm8vUkVBRE1FLm1k,qL33jjYPMqF5zuZHlH4Ujw
bmUvUkVBRE1FLm1k,voe-J2zUFDWSB6v3Lt-oWg
bmwvUkVBRE1FLm1k,DQ5dP1fWF-hmCFmbvfcS4A
c2QvUkVBRE1FLm1k,BB-v2v6tzX61phqYSn_BwA
c2kvUkVBRE1FLm1k,SbF2NenRPDgZ2E_S9QHFbQ
c2svUkVBRE1FLm1k,FXhst-6-UM9ZVxTzROpFEQ
c2wvUkVBRE1FLm1k,GH7Y3-6fChRhYmwNOjVvQg
c3EvUkVBRE1FLm1k,2hMeil5Sjj8i9txmVYAwVQ
c3IvUkVBRE1FLm1k,oTqHbXdQDcdc3zkGp9Ue7Q
c3YvUkVBRE1FLm1k,N6ImISgi0ZTEGB2NB4Xa8g
c3cvUkVBRE1FLm1k,LElIzL65mxHFHu-BPsAhtg
cGwvUkVBRE1FLm1k,0HhidhB-5Ms_h73l88reNw
cHQvUkVBRE1FLm1k,L6XGhRgoHynzgX_z7nmGgw
cm8vUkVBRE1FLm1k,cdLkIEurSjnG8faEX8TBkQ
cnUvUkVBRE1FLm1k,7pG2OmGR8CJ5ZDpAq7UQng
dGEvUkVBRE1FLm1k,vptSd3kGup4nZ2aDuXPS5A
dGUvUkVBRE1FLm1k,YpV7xAGZLgFDmJhVG5QMqA
dGgvUkVBRE1FLm1k,Lfw9P8Axtf0iFehn2T2_rQ
dHIvUkVBRE1FLm1k,BozkdyssK2VYA_wJdWR4Qg
dWsvUkVBRE1FLm1k,bwo_uIFdgQaxk3hmCjNeXw
dXIvUkVBRE1FLm1k,ASLLyx5hfBk1AwR5PvPWJQ
dXovUkVBRE1FLm1k,xRz1RnopN7GXPyQhh24bXg
dmkvUkVBRE1FLm1k,DS4GT_tGiI42tiLD6zIQlQ
emgtVFcvUkVBRE1FLm1k,aBDQ1iXaLXj9e8CL647aGA
emgvUkVBRE1FLm1k,hHfJRNL9mKZv1joIEG2mMg